Date,Open,High,Low,Close,Volume,NASDAQ
2020-07-20,9187.220703,9214.270508,9137.509766,9164.231445,13755604146.0,10767.08984
2020-07-21,9162.514648,9407.262695,9149.389648,9374.887695,18069581956.0,10680.36035
2020-07-22,9375.080078,9530.518555,9319.65332,9525.363281,16532254884.0,10706.12988
2020-07-23,9527.141602,9610.24707,9483.003906,9581.072266,18146399002.0,10461.41992
2020-07-24,9585.514648,9623.336914,9481.454102,9536.892578,16552768325.0,10363.17969
2020-07-25,9539.485352,9704.556641,9530.211914,9677.113281,16610070933.0,10363.17969
2020-07-26,9680.234375,10023.80762,9652.847656,9905.166992,20507998997.0,10363.17969
2020-07-27,9905.217773,11298.22168,9903.969727,10990.87305,35359749590.0,10536.26953
2020-07-28,11017.46387,11204.32715,10632.63184,10912.82324,28766551142.0,10402.08984
2020-07-29,10912.95313,11304.39746,10856.1416,11100.46777,24617249715.0,10542.94043
2020-07-30,11099.83301,11169.35645,10895.45508,11111.21387,22857247901.0,10587.80957
2020-07-31,11110.21094,11415.86426,10987.05371,11323.4668,23160469766.0,10745.26953
2020-08-01,11322.57031,11794.77539,11239.68262,11759.59277,26075670303.0,10745.26953
2020-08-02,11758.76465,12034.14453,11018.12988,11053.61426,27410067336.0,10745.26953
2020-08-03,11043.76856,11453.0791,11012.41504,11246.34863,20271713443.0,10902.7998
2020-08-04,11246.20313,11385.38184,11094.14551,11205.89258,21250197042.0,10941.16992
2020-08-05,11203.82324,11786.61719,11158.28516,11747.02246,24411254471.0,10998.40039
2020-08-06,11749.87109,11902.33594,11598.71387,11779.77344,23400740340.0,11108.07031
2020-08-07,11778.89453,11898.03809,11408.59375,11601.47266,23132312867.0,11010.98047
2020-08-08,11604.55371,11800.06445,11558.43164,11754.0459,17572057837.0,11010.98047
2020-08-09,11737.3252,11806.05664,11548.78418,11675.73926,17489608833.0,11010.98047
2020-08-10,11662.25684,12045.14063,11662.25684,11878.11133,26114112569.0,10968.36035
2020-08-11,11881.64746,11932.71094,11195.70898,11410.52539,27039782640.0,10782.82031
2020-08-12,11404.59668,11748.39648,11249.60547,11584.93457,25064548486.0,11012.24023
2020-08-13,11588.40527,11796.39648,11216.87207,11784.1377,27522199497.0,11042.5
2020-08-14,11772.65918,12150.99414,11685.45508,11768.87109,24237958589.0,11019.2998
2020-08-15,11768.69727,11963.20313,11768.69727,11865.69824,23354924400.0,11019.2998
2020-08-16,11866.68555,11934.90137,11737.18848,11892.80371,20583375490.0,11019.2998
2020-08-17,11895.6582,12359.05664,11806.69629,12254.40234,28227687027.0,11129.73047
2020-08-18,12251.89551,12335.70703,11954.52539,11991.2334,26043227672.0,11210.83984
2020-08-19,11990.88477,12028.92383,11687.33301,11758.2832,24502851117.0,11146.45996
2020-08-20,11761.5,11900.41113,11710.06348,11878.37207,20175242945.0,11264.9502
2020-08-21,11878.02637,11899.25977,11564.97949,11592.48926,23762425999.0,11311.7998
2020-08-22,11585.47754,11689.40723,11448.80566,11681.8252,20224191306.0,11311.7998
2020-08-23,11679.69629,11713.42969,11559.9209,11664.84766,18482062658.0,11311.7998
2020-08-24,11663.68945,11807.63184,11623.25,11774.5957,20681511755.0,11379.71973
2020-08-25,11773.58887,11778.29981,11189.85059,11366.13477,26301509932.0,11466.46973
2020-08-26,11366.89453,11530.05273,11296.99316,11488.36328,22466660958.0,11665.05957
2020-08-27,11485.6084,11570.78613,11185.94141,11323.39746,23240415076.0,11625.33984
2020-08-28,11325.2959,11545.61523,11316.42285,11542.5,19807127588.0,11695.62988
2020-08-29,11541.05469,11585.64063,11466.29297,11506.86523,17485597759.0,11695.62988
2020-08-30,11508.71387,11715.26465,11492.38184,11711.50586,19760127945.0,11695.62988
2020-08-31,11713.30664,11768.87695,11598.31836,11680.82031,22285928250.0,11775.45996
2020-09-01,11679.31641,12067.08106,11601.12891,11970.47852,27311555343.0,11939.66992
2020-09-02,11964.82324,11964.82324,11290.79395,11414.03418,28037405299.0,12056.44043
2020-09-03,11407.19141,11443.02246,10182.46484,10245.29688,31927261555.0,11458.09961
2020-09-04,10230.36523,10663.91992,10207.94043,10511.81348,29965130374.0,11313.12988
2020-09-05,10512.53027,10581.57129,9946.675781,10169.56738,44916565292.0,11313.12988
2020-09-06,10167.2168,10353.92773,10056.88574,10280.35156,37071460174.0,11313.12988
2020-09-07,10280.99805,10399.15332,9916.493164,10369.56348,33703098409.0,11313.12988
2020-09-08,10369.30664,10414.77539,9945.110352,10131.5166,33430927462.0,10847.69043
2020-09-09,10134.15137,10350.54297,10017.25098,10242.34766,24128292755.0,11141.55957
2020-09-10,10242.33008,10503.91211,10238.13574,10363.13867,54406443211.0,10919.58984
2020-09-11,10369.02832,10434.92285,10140.83691,10400.91504,45201121775.0,10853.5498
2020-09-12,10409.86133,10578.83789,10292.38672,10442.1709,36750077324.0,10853.5498
2020-09-13,10452.39941,10577.21484,10224.33008,10323.75586,36506852789.0,10853.5498
2020-09-14,10328.73438,10800.01074,10266.00879,10680.83789,35453581940.0,11056.65039
2020-09-15,10677.75488,10938.63184,10656.45996,10796.95117,32509451925.0,11190.32031
2020-09-16,10797.76172,11100.12402,10704.88477,10974.90527,30769986455.0,11050.46973
2020-09-17,10973.25195,11037.4209,10774.62793,10948.99023,38151810523.0,10910.28027
2020-09-18,10951.82031,11034.9082,10829.65723,10944.58594,26341903912.0,10793.28027
2020-09-19,10933.75293,11134.09277,10909.61816,11094.34668,22764204008.0,10793.28027
2020-09-20,11095.87012,11095.87012,10814.47754,10938.27148,24699523788.0,10793.28027
2020-09-21,10934.92578,10988.30469,10380.26074,10462.25977,28884999244.0,10778.7998
2020-09-22,10459.62402,10568.07715,10382.72656,10538.45996,23621787804.0,10963.63965
2020-09-23,10535.49219,10537.82813,10197.86523,10246.18652,23788661867.0,10632.99023
2020-09-24,10248.78613,10771.05664,10231.49023,10760.06641,47144380902.0,10672.26953
2020-09-25,10761.10938,10777.69629,10578.91406,10692.7168,39348590957.0,10913.55957
2020-09-26,10695.5752,10772.99902,10667.28125,10750.72363,46852525493.0,10913.55957
2020-09-27,10746.89258,10803.97656,10622.92188,10775.26953,53745972818.0,10913.55957
2020-09-28,10776.61328,10945.34766,10703.89356,10709.65234,47762394731.0,11117.53027
2020-09-29,10709.65039,10860.00098,10649.49512,10844.64063,46582396602.0,11085.25
2020-09-30,10843.87109,10847.25684,10669.32129,10784.49121,44171073700.0,11167.50977
2020-10-01,10795.25488,10933.62402,10472.35645,10619.45215,40023134100.0,11326.50977
2020-10-02,10619.82129,10657.83789,10416.68945,10575.97461,48661453918.0,11075.01953
2020-10-03,10575.10059,10598.94043,10511.12988,10549.3291,44660271563.0,11075.01953
2020-10-04,10550.44043,10686.0,10534.3916,10669.58301,71251776995.0,11075.01953
2020-10-05,10676.5293,10793.50781,10634.60059,10793.33984,47537578009.0,11332.49023
2020-10-06,10796.30664,10797.57813,10528.89063,10604.40625,42623695307.0,11154.59961
2020-10-07,10603.35547,10680.50781,10562.50684,10668.96875,37799458436.0,11364.59961
2020-10-08,10669.37109,10945.73731,10562.60645,10915.68555,63314794397.0,11420.98047
2020-10-09,10927.91309,11102.67188,10846.85059,11064.45801,22799117613.0,11579.94043
2020-10-10,11059.14258,11442.21094,11056.94043,11296.36133,22877978588.0,11579.94043
2020-10-11,11296.08203,11428.81348,11288.62793,11384.18164,19968627060.0,11579.94043
2020-10-12,11392.63574,11698.46777,11240.68652,11555.36328,26163972642.0,11876.25977
2020-10-13,11548.71973,11548.98438,11321.22461,11425.89941,24241420251.0,11863.90039
2020-10-14,11429.04785,11539.97754,11307.83106,11429.50684,24103426719.0,11768.73047
2020-10-15,11426.60254,11569.91406,11303.60352,11495.34961,24487233058.0,11713.87012
2020-10-16,11502.82813,11540.06152,11223.0127,11322.12305,25635480772.0,11671.55957
2020-10-17,11322.12305,11386.26172,11285.3457,11358.10156,19130430174.0,11671.55957
2020-10-18,11355.98242,11483.35938,11347.57813,11483.35938,18283314340.0,11671.55957
2020-10-19,11495.03809,11799.09277,11408.29004,11742.03711,23860769928.0,11478.87988
2020-10-20,11745.97461,11999.91797,11681.48047,11916.33496,30915821592.0,11516.49023
2020-10-21,11913.07715,13184.56641,11900.92871,12823.68945,43414712626.0,11484.69043
2020-10-22,12801.63574,13161.59375,12717.09375,12965.8916,34729759598.0,11506.00977
2020-10-23,12971.54883,13015.96191,12752.64746,12931.53906,28974975003.0,11548.28027
2020-10-24,12931.57422,13145.06641,12885.74707,13108.0625,24542317940.0,11548.28027
2020-10-25,13108.06348,13329.18359,12910.06152,13031.17383,24406920575.0,11548.28027
2020-10-26,13031.20117,13225.29785,12822.38281,13075.24805,29461458313.0,11358.94043
2020-10-27,13075.24219,13759.66895,13060.83789,13654.21875,33749878156.0,11431.34961
2020-10-28,13654.21484,13837.69531,12932.25098,13271.28516,35867318895.0,11004.87012
2020-10-29,13271.29883,13612.04785,12980.05957,13437.88281,56499499598.0,11185.58984
2020-10-30,13437.87402,13651.5166,13136.19824,13546.52246,30581485201.0,10911.58984
2020-10-31,13546.53223,14028.21387,13457.53027,13780.99512,30306464719.0,10911.58984
2020-11-01,13780.99512,13862.0332,13628.37793,13737.10938,24453857900.0,10911.58984
2020-11-02,13737.03223,13808.32324,13243.16016,13550.48926,30771455468.0,10957.61035
2020-11-03,13550.45117,13984.98145,13325.44141,13950.30078,29869951617.0,11160.57031
2020-11-04,13950.48828,14218.7666,13580.47168,14133.70703,35116364962.0,11590.78027
2020-11-05,14133.7334,15706.4043,14102.08887,15579.84863,40856321439.0,11890.92969
2020-11-06,15579.72949,15903.4375,15226.83984,15565.88086,39837841971.0,11895.23047
2020-11-07,15565.88086,15737.0957,14423.20313,14833.75391,35024953706.0,11895.23047
2020-11-08,14833.75391,15637.32031,14744.11035,15479.56738,26632075029.0,11895.23047
2020-11-09,15479.5957,15785.13672,14865.5293,15332.31543,34149115566.0,11713.78027
2020-11-10,15332.35059,15450.3291,15124.95996,15290.90234,25574938143.0,11553.86035
2020-11-11,15290.90918,15916.26074,15290.00684,15701.33984,29772374934.0,11786.42969
2020-11-12,15701.29883,16305.00391,15534.77148,16276.34375,34175758344.0,11709.58984
2020-11-13,16276.44043,16463.17773,15992.15234,16317.80859,31599492172.0,11829.29004
2020-11-14,16317.80859,16317.80859,15749.19336,16068.13867,27481710135.0,11829.29004
2020-11-15,16068.13965,16123.11035,15793.53418,15955.58789,23653867583.0,11829.29004
2020-11-16,15955.57715,16816.18164,15880.70606,16716.11133,31526766675.0,11924.12988
2020-11-17,16685.69141,17782.91992,16564.54492,17645.40625,39006849170.0,11899.33984
2020-11-18,17645.19141,18393.94922,17352.90625,17804.00586,49064800278.0,11801.59961
2020-11-19,17803.86133,18119.54688,17382.55469,17817.08984,36985055355.0,11904.70996
2020-11-20,17817.08398,18773.22656,17765.79492,18621.31445,36992873940.0,11854.96973
2020-11-21,18621.31641,18936.62109,18444.35938,18642.23242,39650210707.0,11854.96973
2020-11-22,18642.23242,18688.96875,17671.38477,18370.00195,41280434226.0,11854.96973
2020-11-23,18370.01758,18711.42578,18000.79688,18364.12109,42741112308.0,11880.62988
2020-11-24,18365.01563,19348.27148,18128.65625,19107.46484,51469565009.0,12036.79004
2020-11-25,19104.41016,19390.96484,18581.14648,18732.12109,43710357371.0,12094.40039
2020-11-26,18729.83984,18866.28516,16351.03516,17150.62305,61396835737.0,12094.40039
2020-11-27,17153.91406,17445.02344,16526.42383,17108.40234,38886494645.0,12205.84961
2020-11-28,17112.93359,17853.93945,16910.65234,17717.41406,32601040734.0,12205.84961
2020-11-29,17719.63477,18283.62891,17559.11719,18177.48438,31133957704.0,12205.84961
2020-11-30,18178.32227,19749.26367,18178.32227,19625.83594,47728480399.0,12198.74023
2020-12-01,19633.76953,19845.97461,18321.92188,18802.99805,49633658712.0,12355.11035
2020-12-02,18801.74414,19308.33008,18347.71875,19201.0918,37387697139.0,12349.37012
2020-12-03,19205.92578,19566.19141,18925.78516,19445.39844,31930317405.0,12377.17969
2020-12-04,19446.9668,19511.4043,18697.19336,18699.76563,33872388058.0,12464.23047
2020-12-05,18698.38477,19160.44922,18590.19336,19154.23047,27242455064.0,12464.23047
2020-12-06,19154.17969,19390.5,18897.89453,19345.12109,25293775714.0,12464.23047
2020-12-07,19343.12891,19411.82813,18931.14258,19191.63086,26896357742.0,12519.9502
2020-12-08,19191.5293,19283.47852,18269.94531,18321.14453,31692288756.0,12582.76953
2020-12-09,18320.88477,18626.29297,17935.54688,18553.91602,34420373071.0,12338.9502
2020-12-10,18553.29883,18553.29883,17957.06445,18264.99219,25547132265.0,12405.80957
2020-12-11,18263.92969,18268.45313,17619.5332,18058.9043,27919640985.0,12377.87012
2020-12-12,18051.32031,18919.55078,18046.04102,18803.65625,21752580802.0,12377.87012
2020-12-13,18806.76563,19381.53516,18734.33203,19142.38281,25450468637.0,12377.87012
2020-12-14,19144.49219,19305.09961,19012.70898,19246.64453,22473997681.0,12440.04004
2020-12-15,19246.91992,19525.00781,19079.8418,19417.07617,26741982541.0,12595.05957
2020-12-16,19418.81836,21458.9082,19298.31641,21310.59766,44409011479.0,12658.19043
2020-12-17,21308.35156,23642.66016,21234.67578,22805.16211,71378606374.0,12764.75
2020-12-18,22806.79688,23238.60156,22399.8125,23137.96094,40387896275.0,12755.63965
2020-12-19,23132.86523,24085.85547,22826.47266,23869.83203,38487546580.0,12755.63965
2020-12-20,23861.76563,24209.66016,23147.71094,23477.29492,37844228422.0,12755.63965
2020-12-21,23474.45508,24059.98242,22159.36719,22803.08203,45852713981.0,12742.51953
2020-12-22,22794.03906,23789.90234,22430.60547,23783.0293,44171632681.0,12807.91992
2020-12-23,23781.97461,24024.49023,22802.64648,23241.3457,51146161904.0,12771.11035
2020-12-24,23240.20313,23768.33789,22777.59766,23735.94922,41080759713.0,12804.73047
2020-12-25,23733.57031,24710.10156,23463.67383,24664.79102,42068395846.0,12804.73047
2020-12-26,24677.01563,26718.07031,24522.68945,26437.03711,48332647295.0,12804.73047
2020-12-27,26439.37305,28288.83984,25922.76953,26272.29492,66479895605.0,12804.73047
2020-12-28,26280.82227,27389.11133,26207.64063,27084.80859,49056742893.0,12899.41992
2020-12-29,27081.81055,27370.7207,25987.29883,27362.4375,45265946774.0,12850.21973
2020-12-30,27360.08984,28937.74023,27360.08984,28840.95313,51287442704.0,12870.0
2020-12-31,28841.57422,29244.87695,28201.99219,29001.7207,46754964848.0,12888.28027
2021-01-01,28994.00977,29600.62695,28803.58594,29374.15234,40730301359.0,12888.28027
2021-01-02,29376.45508,33155.11719,29091.18164,32127.26758,67865420765.0,12888.28027
2021-01-03,32129.4082,34608.55859,32052.31641,32782.02344,78665235202.0,12888.28027
2021-01-04,32810.94922,33440.21875,28722.75586,31971.91406,81163475344.0,12698.4502
2021-01-05,31977.04102,34437.58984,30221.1875,33992.42969,67547324782.0,12818.95996
2021-01-06,34013.61328,36879.69922,33514.03516,36824.36328,75289433811.0,12740.79004
2021-01-07,36833.875,40180.36719,36491.19141,39371.04297,84762141031.0,13067.48047
2021-01-08,39381.76563,41946.73828,36838.63672,40797.60938,88107519480.0,13201.98047
2021-01-09,40788.64063,41436.35156,38980.875,40254.54688,61984162837.0,13201.98047
2021-01-10,40254.21875,41420.19141,35984.62891,38356.44141,79980747690.0,13201.98047
2021-01-11,38346.53125,38346.53125,30549.59961,35566.65625,123000000000.0,13036.42969
2021-01-12,35516.35938,36568.52734,32697.97656,33922.96094,74773277909.0,13072.42969
2021-01-13,33915.12109,37599.96094,32584.66797,37316.35938,69364315979.0,13128.9502
2021-01-14,37325.10938,39966.40625,36868.5625,39187.32813,63615990033.0,13112.63965
2021-01-15,39156.70703,39577.71094,34659.58984,36825.36719,67760757881.0,12998.5
2021-01-16,36821.64844,37864.36719,35633.55469,36178.14063,57706187875.0,12998.5
2021-01-17,36163.64844,36722.35156,34069.32031,35791.27734,52359854336.0,12998.5
2021-01-18,35792.23828,37299.28516,34883.84375,36630.07422,49511702429.0,12998.5
2021-01-19,36642.23438,37755.89063,36069.80469,36069.80469,57244195486.0,13197.17969
2021-01-20,36050.11328,36378.32813,33570.47656,35547.75,66834573161.0,13457.25
2021-01-21,35549.39844,35552.67969,30250.75,30825.69922,75643067688.0,13530.91016
2021-01-22,30817.625,33811.85156,28953.37305,33005.76172,77207272511.0,13543.05957
2021-01-23,32985.75781,33360.97656,31493.16016,32067.64258,48354737975.0,13543.05957
2021-01-24,32064.37695,32944.00781,31106.68555,32289.37891,48643830599.0,13543.05957
2021-01-25,32285.79883,34802.74219,32087.78711,32366.39258,59897054838.0,13635.99023
2021-01-26,32358.61328,32794.55078,31030.26563,32569.84961,60255421470.0,13626.05957
2021-01-27,32564.0293,32564.0293,29367.13867,30432.54688,62576762015.0,13270.59961
2021-01-28,30441.04102,33858.3125,30023.20703,33466.09766,76517157706.0,13337.16016
2021-01-29,34318.67188,38406.26172,32064.81445,34316.38672,118000000000.0,13070.69043
2021-01-30,34295.93359,34834.70703,32940.1875,34269.52344,65141828798.0,13070.69043
2021-01-31,34270.87891,34288.33203,32270.17578,33114.35938,52754542671.0,13070.69043
2021-02-01,33114.57813,34638.21484,32384.22852,33537.17578,61400400660.0,13403.38965
2021-02-02,33533.19922,35896.88281,33489.21875,35510.28906,63088585433.0,13612.78027
2021-02-03,35510.82031,37480.1875,35443.98438,37472.08984,61166818159.0,13610.54004
2021-02-04,37475.10547,38592.17578,36317.5,36926.06641,68838074392.0,13777.74023
2021-02-05,36931.54688,38225.90625,36658.76172,38144.30859,58598066402.0,13856.2998
2021-02-06,38138.38672,40846.54688,38138.38672,39266.01172,71326033653.0,13856.2998
2021-02-07,39250.19141,39621.83594,37446.15234,38903.44141,65500641143.0,13856.2998
2021-02-08,38886.82813,46203.92969,38076.32422,46196.46484,101000000000.0,13987.63965
2021-02-09,46184.99219,48003.72266,45166.96094,46481.10547,91809846886.0,14007.7002
2021-02-10,46469.76172,47145.56641,43881.15234,44918.18359,87301089896.0,13972.53027
2021-02-11,44898.71094,48463.46875,44187.76172,47909.33203,81388911810.0,14025.76953
2021-02-12,47877.03516,48745.73438,46424.97656,47504.85156,76555041196.0,14095.46973
2021-02-13,47491.20313,48047.74609,46392.28125,47105.51563,70250456155.0,14095.46973
2021-02-14,47114.50781,49487.64063,47114.50781,48717.28906,71248675228.0,14095.46973
2021-02-15,48696.53516,48875.57031,46347.47656,47945.05859,77069903166.0,14095.46973
2021-02-16,47944.45703,50341.10156,47201.30469,49199.87109,77049582886.0,14047.5
2021-02-17,49207.27734,52533.91406,49072.37891,52149.00781,80820545404.0,13965.49023
2021-02-18,52140.97266,52474.10547,51015.76563,51679.79688,52054723579.0,13865.36035
2021-02-19,51675.98047,56113.65234,50937.27734,55888.13281,63495496918.0,13874.45996
2021-02-20,55887.33594,57505.22656,54626.55859,56099.51953,68145460026.0,13874.45996
2021-02-21,56068.56641,58330.57031,55672.60938,57539.94531,51897585191.0,13874.45996
2021-02-22,57532.73828,57533.39063,48967.56641,54207.32031,92052420332.0,13533.0498
2021-02-23,54204.92969,54204.92969,45290.58984,48824.42578,106000000000.0,13465.2002
2021-02-24,48835.08594,51290.13672,47213.5,49705.33203,63695521388.0,13597.96973
2021-02-25,49709.08203,51948.96875,47093.85156,47093.85156,54506565949.0,13119.42969
2021-02-26,47180.46484,48370.78516,44454.84375,46339.76172,351000000000.0,13192.34961
2021-02-27,46344.77344,48253.26953,45269.02734,46188.45313,45910946382.0,13192.34961
2021-02-28,46194.01563,46716.42969,43241.61719,45137.76953,53443887451.0,13192.34961
2021-03-01,45159.50391,49784.01563,45115.09375,49631.24219,53891300112.0,13588.83008
2021-03-02,49612.10547,50127.51172,47228.84375,48378.98828,47530897720.0,13358.79004
2021-03-03,48415.81641,52535.13672,48274.32031,50538.24219,53220811975.0,12997.75
2021-03-04,50522.30469,51735.08984,47656.92969,48561.16797,52343816680.0,12723.46973
2021-03-05,48527.03125,49396.42969,46542.51563,48927.30469,48625928883.0,12920.15039
2021-03-06,48899.23047,49147.21875,47257.52734,48912.38281,34363564661.0,12920.15039
2021-03-07,48918.67969,51384.36719,48918.67969,51206.69141,43137459378.0,12920.15039
2021-03-08,51174.11719,52314.07031,49506.05469,52246.52344,48597428048.0,12609.16016
2021-03-09,52272.96875,54824.11719,51981.83203,54824.11719,50912227385.0,13073.82031
2021-03-10,54824.01172,57258.25391,53290.89063,56008.55078,57295577614.0,13068.83008
2021-03-11,55963.17969,58091.0625,54484.59375,57805.12109,56772343595.0,13398.66992
2021-03-12,57821.21875,57996.62109,55376.64844,57332.08984,55689944702.0,13319.86035
2021-03-13,57343.37109,61683.86328,56217.97266,61243.08594,60669829814.0,13319.86035
2021-03-14,61221.13281,61597.91797,59302.31641,59302.31641,43901225564.0,13319.86035
2021-03-15,59267.42969,60540.99219,55393.16406,55907.19922,66419369890.0,13459.70996
2021-03-16,55840.78516,56833.17969,53555.02734,56804.90234,59749798599.0,13471.57031
2021-03-17,56825.82813,58969.81641,54528.62891,58870.89453,60258313191.0,13525.2002
2021-03-18,58893.07813,60116.25,54253.57813,57858.92188,55746041000.0,13116.16992
2021-03-19,57850.44141,59498.375,56643.70313,58346.65234,49063873786.0,13215.24023
2021-03-20,58332.26172,60031.28516,58213.29688,58313.64453,50361731222.0,13215.24023
2021-03-21,58309.91406,58767.89844,56005.61719,57523.42188,51943414539.0,13215.24023
2021-03-22,57517.89063,58471.48047,54288.15625,54529.14453,56521454974.0,13377.54004
2021-03-23,54511.66016,55985.44141,53470.69531,54738.94531,56435023914.0,13227.7002
2021-03-24,54710.48828,57262.38281,52514.33203,52774.26563,70567223787.0,12961.88965
2021-03-25,52726.74609,53392.38672,50856.57031,51704.16016,67999812841.0,12977.67969
2021-03-26,51683.01172,55137.3125,51579.85547,55137.3125,56652197978.0,13138.73047
2021-03-27,55137.56641,56568.21484,54242.91016,55973.51172,47266542233.0,13138.73047
2021-03-28,55974.94141,56610.3125,55071.11328,55950.74609,47686580918.0,13138.73047
2021-03-29,55947.89844,58342.09766,55139.33984,57750.19922,57625587027.0,13059.65039
2021-03-30,57750.13281,59447.22266,57251.55078,58917.69141,54414116432.0,13045.38965
2021-03-31,58930.27734,59930.02734,57726.41797,58918.83203,65520826225.0,13246.87012
2021-04-01,58926.5625,59586.07031,58505.27734,59095.80859,61669163792.0,13480.11035
2021-04-02,59098.87891,60267.1875,58869.28125,59384.3125,58727860620.0,13480.11035
2021-04-03,59397.41016,60110.26953,57603.89063,57603.89063,59641344484.0,13480.11035
2021-04-04,57604.83984,58913.74609,57168.67578,58758.55469,50749662970.0,13480.11035
2021-04-05,58760.875,59891.29688,57694.82422,59057.87891,60706272115.0,13705.58984
2021-04-06,59171.93359,59479.57813,57646.80859,58192.35938,66058027988.0,13698.37988
2021-04-07,58186.50781,58731.14453,55604.02344,56048.9375,75645303584.0,13688.83984
2021-04-08,56099.91406,58338.73828,55879.08594,58323.95313,53053855641.0,13829.30957
2021-04-09,58326.5625,58937.04688,57807.86328,58245.00391,46655208546.0,13900.19043
2021-04-10,58253.77734,61276.66406,58038.70703,59793.23438,58238470525.0,13900.19043
2021-04-11,59846.23047,60790.55469,59289.79688,60204.96484,46280252580.0,13900.19043
2021-04-12,60175.94531,61253.03516,59589.875,59893.45313,51828688519.0,13850.0
2021-04-13,59890.01953,63742.28516,59869.95703,63503.45703,69983454362.0,13996.09961
2021-04-14,63523.75391,64863.09766,61554.79688,63109.69531,77451779687.0,13857.83984
2021-04-15,63075.19531,63821.67188,62208.96484,63314.01172,60954381579.0,14038.75977
2021-04-16,63258.50391,63594.72266,60222.53125,61572.78906,84293007468.0,14052.33984
2021-04-17,61529.92188,62572.17578,60361.35156,60683.82031,66138759198.0,14052.33984
2021-04-18,60701.88672,61057.45703,52829.53516,56216.18359,97468872758.0,14052.33984
2021-04-19,56191.58594,57520.05469,54368.59375,55724.26563,65344865159.0,13914.76953
2021-04-20,55681.79297,57062.14844,53448.04688,56473.03125,67849323955.0,13786.26953
2021-04-21,56471.12891,56757.97266,53695.46875,53906.08984,54926612466.0,13950.21973
2021-04-22,53857.10547,55410.23047,50583.8125,51762.27344,74798630778.0,13818.41016
2021-04-23,51739.80859,52120.79297,47714.66406,51093.65234,86668667320.0,14016.80957
2021-04-24,51143.22656,51167.5625,48805.28516,50050.86719,49014494781.0,14016.80957
2021-04-25,50052.83203,50506.01953,47159.48438,49004.25391,46117114240.0,14016.80957
2021-04-26,49077.79297,54288.00391,48852.79688,54021.75391,58284039825.0,14138.78027
2021-04-27,54030.30469,55416.96484,53319.1875,55033.11719,49448222757.0,14090.21973
2021-04-28,55036.63672,56227.20703,53887.91797,54824.70313,48000572955.0,14051.03027
2021-04-29,54858.08984,55115.84375,52418.02734,53555.10938,46088929780.0,14082.5498
2021-04-30,53568.66406,57900.71875,53129.60156,57750.17578,52395931985.0,13962.67969
2021-05-01,57714.66406,58448.33984,57052.27344,57828.05078,42836427360.0,13962.67969
2021-05-02,57825.86328,57902.59375,56141.90625,56631.07813,38177405335.0,13962.67969
2021-05-03,56620.27344,58973.30859,56590.87109,57200.29297,51713139031.0,13895.12012
2021-05-04,57214.17969,57214.17969,53191.42578,53333.53906,68564706967.0,13633.5
2021-05-05,53252.16406,57911.36328,52969.05469,57424.00781,69241316747.0,13582.41992
2021-05-06,57441.30859,58363.31641,55382.50781,56396.51563,69523285106.0,13632.83984
2021-05-07,56413.95313,58606.63281,55321.84766,57356.40234,68434023376.0,13752.24023
2021-05-08,57352.76563,59464.61328,56975.21094,58803.77734,65382980634.0,13752.24023
2021-05-09,58877.39063,59210.88281,56482.00391,58232.31641,65906690347.0,13752.24023
2021-05-10,58250.87109,59519.35547,54071.45703,55859.79688,71776546298.0,13401.86035
2021-05-11,55847.24219,56872.54297,54608.65234,56704.57422,61308396325.0,13389.42969
2021-05-12,56714.53125,57939.36328,49150.53516,49150.53516,75215403907.0,13031.67969
2021-05-13,49735.43359,51330.84375,46980.01953,49716.19141,96721152926.0,13124.99023
2021-05-14,49682.98047,51438.11719,48868.57813,49880.53516,55737497453.0,13429.98047
2021-05-15,49855.49609,50639.66406,46664.14063,46760.1875,59161047474.0,13429.98047
2021-05-16,46716.63672,49720.04297,43963.35156,46456.05859,64047871555.0,13429.98047
2021-05-17,46415.89844,46623.55859,42207.28906,43537.51172,74903638450.0,13379.0498
2021-05-18,43488.05859,45812.45703,42367.83203,42909.40234,56187365084.0,13303.63965
2021-05-19,42944.97656,43546.11719,30681.49609,37002.44141,126000000000.0,13299.74023
2021-05-20,36753.66797,42462.98438,35050.61719,40782.73828,88281943359.0,13535.74023
2021-05-21,40596.94922,42172.17188,33616.45313,37304.69141,82051616861.0,13470.99023
2021-05-22,37371.03125,38831.05469,35383.68359,37536.63281,57377273240.0,13470.99023
2021-05-23,37531.44922,38289.21875,31227.33984,34770.58203,78469274361.0,13470.99023
2021-05-24,34700.36328,39835.14063,34551.08203,38705.98047,67359584098.0,13661.16992
2021-05-25,38795.78125,39776.35156,36581.42969,38402.22266,56211915803.0,13657.16992
2021-05-26,38392.625,40782.07813,37905.83594,39294.19922,51346735160.0,13738.0
2021-05-27,39316.89063,40379.61719,37247.90234,38436.96875,43210968721.0,13736.28027
2021-05-28,38507.08203,38856.96875,34779.03906,35697.60547,55200191952.0,13748.74023
2021-05-29,35684.15625,37234.5,33693.92969,34616.06641,45231013335.0,13748.74023
2021-05-30,34607.40625,36400.66797,33520.73828,35678.12891,31646080921.0,13748.74023
2021-05-31,35658.59375,37468.25,34241.94531,37332.85547,39009847639.0,13748.74023
2021-06-01,37293.79297,37896.73438,35787.08594,36684.92578,34639423297.0,13736.48047
2021-06-02,36699.92188,38231.33984,35966.30859,37575.17969,33070867190.0,13756.33008
2021-06-03,37599.41016,39478.95313,37243.97266,39208.76563,35460750427.0,13614.50977
2021-06-04,39242.48438,39242.48438,35717.72266,36894.40625,41831090187.0,13814.49023
2021-06-05,36880.15625,37917.71484,34900.41406,35551.95703,35959473399.0,13814.49023
2021-06-06,35538.60938,36436.42188,35304.57813,35862.37891,28913440585.0,13814.49023
2021-06-07,35835.26563,36790.57031,33480.64063,33560.70703,33683936663.0,13881.71973
2021-06-08,33589.51953,34017.38672,31114.44336,33472.63281,49902050442.0,13924.91016
2021-06-09,33416.97656,37537.37109,32475.86523,37345.12109,53972919008.0,13911.75
2021-06-10,37389.51563,38334.32422,35847.59375,36702.59766,43576032854.0,14020.33008
2021-06-11,36697.03125,37608.69531,36044.44922,37334.39844,38699736985.0,14069.41992
2021-06-12,37340.14453,37408.92578,34728.19141,35552.51563,37924228550.0,14069.41992
2021-06-13,35555.78906,39322.78125,34864.10938,39097.85938,40669112838.0,14069.41992
2021-06-14,39016.96875,40978.36328,38757.28516,40218.47656,43148914673.0,14174.13965
2021-06-15,40427.16797,41295.26953,39609.46875,40406.26953,46420149185.0,14072.86035
2021-06-16,40168.69141,40516.77734,38176.03516,38347.0625,39211635100.0,14039.67969
2021-06-17,38341.42188,39513.67188,37439.67578,38053.50391,37096670047.0,14161.34961
2021-06-18,38099.47656,38187.26172,35255.85547,35787.24609,36200887275.0,14030.37988
2021-06-19,35854.52734,36457.79688,34933.0625,35615.87109,31207279719.0,14030.37988
2021-06-20,35563.14063,36059.48438,33432.07422,35698.29688,36664034054.0,14030.37988
2021-06-21,35641.14453,35721.64063,31295.93555,31676.69336,52809038594.0,14141.48047
2021-06-22,31622.37695,33292.45313,28893.62109,32505.66016,58964353058.0,14253.26953
2021-06-23,32515.71484,34753.41016,31772.63281,33723.02734,46317108925.0,14271.73047
2021-06-24,33682.80078,35228.85156,32385.21484,34662.4375,33123368116.0,14369.70996
2021-06-25,34659.10547,35487.24609,31350.88477,31637.7793,40230904226.0,14360.38965
2021-06-26,31594.66406,32637.58789,30184.50195,32186.27734,38585385521.0,14360.38965
2021-06-27,32287.52344,34656.12891,32071.75781,34649.64453,35511640894.0,14360.38965
2021-06-28,34679.12109,35219.89063,33902.07422,34434.33594,33892523752.0,14500.50977
2021-06-29,34475.55859,36542.10938,34252.48438,35867.77734,37901460044.0,14528.33008
2021-06-30,35908.38672,36074.75781,34086.15234,35040.83594,34059036099.0,14503.9502
2021-07-01,35035.98438,35035.98438,32883.78125,33572.11719,37838957079.0,14522.37988
2021-07-02,33549.60156,33939.58984,32770.67969,33897.04688,38728974942.0,14639.33008
2021-07-03,33854.42188,34909.26172,33402.69531,34668.54688,24383958643.0,14639.33008
2021-07-04,34665.56641,35937.56641,34396.47656,35287.78125,24924307911.0,14639.33008
2021-07-05,35284.34375,35284.34375,33213.66016,33746.00391,26721554282.0,14639.33008
2021-07-06,33723.50781,35038.53516,33599.91797,34235.19531,26501259870.0,14663.63965
2021-07-07,34225.67969,34997.66406,33839.28906,33855.32813,24796027477.0,14665.05957
2021-07-08,33889.60547,33907.90625,32133.18359,32877.37109,29910396946.0,14559.78027
2021-07-09,32861.67188,34042.29297,32318.88086,33798.01172,27436021028.0,14701.91992
2021-07-10,33811.24219,34209.07031,33116.01172,33520.51953,22971873468.0,14701.91992
2021-07-11,33509.07813,34584.70313,33346.73828,34240.1875,20108729370.0,14701.91992
2021-07-12,34254.01563,34592.15625,32697.30859,33155.84766,24321499537.0,14733.24023
2021-07-13,33125.46875,33327.10156,32261.41992,32702.02539,19120856669.0,14677.65039
2021-07-14,32723.8457,33061.39844,31639.125,32822.34766,21376531210.0,14644.9502
2021-07-15,32827.875,33159.64063,31175.70898,31780.73047,21300524237.0,14543.12988
2021-07-16,31841.55078,32218.40625,31100.67383,31421.53906,23699476918.0,14427.24023
2021-07-17,31397.30859,31935.94531,31223.99023,31533.06836,18895018942.0,14427.24023
2021-07-18,31533.88477,32398.99609,31215.49219,31796.81055,18787986667.0,14427.24023
2021-07-19,31800.01172,31885.85938,30563.73438,30817.83203,20434789545.0,14274.98047
2021-07-20,30838.28516,31006.1875,29360.95508,29807.34766,23148267245.0,14498.87988
2021-07-21,29796.28516,32752.32617,29526.18359,32110.69336,28203024559.0,14631.9502
2021-07-22,32138.87305,32576.40039,31745.29883,32313.10547,19555230518.0,14684.59961
2021-07-23,32305.95898,33581.55078,32057.89258,33581.55078,22552046192.0,14836.99023
2021-07-24,33593.73047,34490.39063,33424.85938,34292.44531,21664706865.0,14836.99023
2021-07-25,34290.29297,35364.92578,33881.83594,35350.1875,20856685287.0,14836.99023
2021-07-26,35384.03125,40499.67578,35287.3125,37337.53516,51022126212.0,14840.70996
2021-07-27,37276.03516,39406.94141,36441.72656,39406.94141,35097370560.0,14660.58008
2021-07-28,39503.1875,40816.07031,38862.4375,39995.90625,38702404695.0,14762.58008
2021-07-29,39995.45313,40593.07031,39352.05859,40008.42188,27167146027.0,14778.25977
2021-07-30,40027.48438,42235.54688,38397.35547,42235.54688,33072782960.0,14672.67969
2021-07-31,42196.30469,42231.44922,41110.83203,41626.19531,25802845343.0,14672.67969
2021-08-01,41460.84375,42541.67969,39540.94141,39974.89453,26688438115.0,14672.67969
2021-08-02,39907.26172,40419.17969,38746.34766,39201.94531,25595265436.0,14681.07031
2021-08-03,39178.40234,39750.03125,37782.05078,38152.98047,26189830450.0,14761.29004
2021-08-04,38213.33203,39952.29688,37589.16406,39747.50391,25372562724.0,14780.53027
2021-08-05,39744.51563,41341.93359,37458.00391,40869.55469,35185031017.0,14895.12012
2021-08-06,40865.86719,43271.66016,39932.17969,42816.5,38226483046.0,14835.75977
2021-08-07,42832.79688,44689.85938,42618.56641,44555.80078,40030862141.0,14835.75977
2021-08-08,44574.4375,45282.35156,43331.91016,43798.11719,36302664750.0,14835.75977
2021-08-09,43791.92578,46456.83203,42848.6875,46365.40234,38734079049.0,14860.17969
2021-08-10,46280.84766,46637.98828,44705.55469,45585.03125,33546019517.0,14788.08984
2021-08-11,45599.70313,46735.63281,45351.71094,45593.63672,34319709073.0,14765.13965
2021-08-12,45576.87891,46228.91016,43861.44531,44428.28906,33723620826.0,14816.25977
2021-08-13,44439.69141,47831.97656,44282.41797,47793.32031,31744259539.0,14822.90039
2021-08-14,47810.6875,48098.68359,46177.63281,47096.94531,31211354442.0,14822.90039
2021-08-15,47096.66797,47357.10547,45579.58984,47047.00391,30988958446.0,14822.90039
2021-08-16,47019.96094,47998.09766,45700.32031,46004.48438,32776876610.0,14793.75977
2021-08-17,45936.45703,47139.57031,44512.41797,44695.35938,33451362600.0,14656.17969
2021-08-18,44686.75,45952.0625,44364.02734,44801.1875,32194123075.0,14525.91016
2021-08-19,44741.88281,46970.76172,43998.31641,46717.57813,37204312299.0,14541.79004
2021-08-20,46723.12109,49342.15234,46650.70703,49339.17578,34706867452.0,14714.66016
2021-08-21,49327.07422,49717.01953,48312.19922,48905.49219,40585205312.0,14714.66016
2021-08-22,48869.10547,49471.60938,48199.94141,49321.65234,25370975378.0,14714.66016
2021-08-23,49291.67578,50482.07813,49074.60547,49546.14844,34305053719.0,14942.65039
2021-08-24,49562.34766,49878.76953,47687.11719,47706.11719,35361168834.0,15019.7998
2021-08-25,47727.25781,49202.87891,47163.61328,48960.78906,32646349931.0,15041.86035
2021-08-26,49002.64063,49347.58203,46405.78125,46942.21875,32666549568.0,14945.80957
2021-08-27,46894.55469,49112.78516,46394.28125,49058.66797,34511076995.0,15129.5
2021-08-28,49072.58594,49283.50391,48499.23828,48902.40234,28568103401.0,15129.5
2021-08-29,48911.25,49644.11328,47925.85547,48829.83203,25889650240.0,15129.5
2021-08-30,48834.85156,48925.60547,46950.27344,47054.98438,31847007016.0,15265.88965
2021-08-31,47024.33984,48189.55078,46750.09375,47166.6875,34730363427.0,15259.24023
2021-09-01,47099.77344,49111.08984,46562.4375,48847.02734,39139399125.0,15309.37988
2021-09-02,48807.84766,50343.42188,48652.32031,49327.72266,39508070319.0,15331.17969
2021-09-03,49288.25,50982.27344,48386.08594,50025.375,43206179619.0,15363.51953
2021-09-04,50009.32422,50545.58203,49548.78125,49944.625,37471327794.0,15363.51953
2021-09-05,49937.85938,51868.67969,49538.59766,51753.41016,30322676319.0,15363.51953
2021-09-06,51769.00391,52700.94141,51053.67969,52633.53516,38884105426.0,15363.51953
2021-09-07,52660.48047,52853.76563,43285.20703,46811.12891,65210059683.0,15374.33008
2021-09-08,46827.76172,47334.05469,44561.39453,46091.39063,49007762488.0,15286.63965
2021-09-09,45774.74219,47261.94922,45669.73828,46391.42188,38672657013.0,15248.25
2021-09-10,46396.66406,47031.74219,44344.48438,44883.91016,39154666597.0,15115.49023
2021-09-11,44869.83984,45969.29297,44818.26563,45201.45703,34499835245.0,15115.49023
2021-09-12,45206.62891,46364.87891,44790.46094,46063.26953,27881980161.0,15115.49023
2021-09-13,46057.21484,46598.67969,43591.32031,44963.07422,40969943253.0,15105.58008
2021-09-14,44960.05078,47218.125,44752.33203,47092.49219,38652152880.0,15037.75977
2021-09-15,47098.0,48450.46875,46773.32813,48176.34766,30484496466.0,15161.53027
2021-09-16,48158.90625,48486.82813,47079.55859,47783.35938,31764293754.0,15181.91992
2021-09-17,47771.00391,48160.92188,46832.52344,47267.51953,28727713711.0,15043.96973
2021-09-18,47273.52734,48791.78125,47087.28516,48278.36328,28575630451.0,15043.96973
2021-09-19,48268.85547,48328.36719,46919.80469,47260.21875,26967722648.0,15043.96973
2021-09-20,47261.40625,47328.19922,42598.91406,42843.80078,43909845642.0,14713.90039
2021-09-21,43012.23438,43607.60938,39787.60938,40693.67578,48701090088.0,14746.40039
2021-09-22,40677.95313,43978.62109,40625.63281,43574.50781,38139709246.0,14896.84961
2021-09-23,43560.29688,44942.17578,43109.33984,44895.09766,34244064430.0,15052.24023
2021-09-24,44894.30078,45080.49219,40936.55859,42839.75,42839345714.0,15047.7002
2021-09-25,42840.89063,42996.25781,41759.92188,42716.59375,31604717236.0,15047.7002
2021-09-26,42721.62891,43919.30078,40848.46094,43208.53906,30661222077.0,15047.7002
2021-09-27,43234.18359,44313.24609,42190.63281,42235.73047,30980029059.0,14969.96973
2021-09-28,42200.89844,42775.14453,40931.66406,41034.54297,30214940550.0,14546.67969
2021-09-29,41064.98438,42545.25781,40829.66797,41564.36328,30602359905.0,14512.44043
2021-09-30,41551.26953,44092.60156,41444.58203,43790.89453,31141681925.0,14448.58008
2021-10-01,43816.74219,48436.01172,43320.02344,48116.94141,42850641582.0,14566.7002
2021-10-02,48137.46875,48282.0625,47465.49609,47711.48828,30614346492.0,14566.7002
2021-10-03,47680.02734,49130.69141,47157.28906,48199.95313,26638115879.0,14566.7002
2021-10-04,48208.90625,49456.77734,47045.00391,49112.90234,33383173002.0,14255.48047
2021-10-05,49174.96094,51839.98438,49072.83984,51514.8125,35873904236.0,14433.83008
2021-10-06,51486.66406,55568.46484,50488.19141,55361.44922,49034730168.0,14501.91016
2021-10-07,55338.625,55338.625,53525.46875,53805.98438,36807860413.0,14654.01953
2021-10-08,53802.14453,55922.98047,53688.05469,53967.84766,34800873924.0,14579.54004
2021-10-09,53929.78125,55397.94531,53735.14453,54968.22266,32491211414.0,14579.54004
2021-10-10,54952.82031,56401.30469,54264.25781,54771.57813,39527792364.0,14579.54004
2021-10-11,54734.125,57793.03906,54519.76563,57484.78906,42637331698.0,14486.2002
2021-10-12,57526.83203,57627.87891,54477.97266,56041.05859,41083758949.0,14465.91992
2021-10-13,56038.25781,57688.66016,54370.97266,57401.09766,41684252783.0,14571.63965
2021-10-14,57372.83203,58478.73438,56957.07422,57321.52344,36615791366.0,14823.42969
2021-10-15,57345.90234,62757.12891,56868.14453,61593.94922,51780081801.0,14897.33984
2021-10-16,61609.52734,62274.47656,60206.12109,60892.17969,34250964237.0,14897.33984
2021-10-17,60887.65234,61645.52344,59164.46875,61553.61719,29032367511.0,14897.33984
2021-10-18,61548.80469,62614.66016,60012.75781,62026.07813,38055562075.0,15021.80957
2021-10-19,62043.16406,64434.53516,61622.93359,64261.99219,40471196346.0,15129.08984
2021-10-20,64284.58594,66930.39063,63610.67578,65992.83594,40788955582.0,15121.67969
2021-10-21,66002.23438,66600.54688,62117.41016,62210.17188,45908121370.0,15215.7002
2021-10-22,62237.89063,63715.02344,60122.79688,60692.26563,38434082775.0,15090.2002
2021-10-23,60694.62891,61743.87891,59826.52344,61393.61719,26882546034.0,15090.2002
2021-10-24,61368.34375,61505.80469,59643.34375,60930.83594,27316183882.0,15090.2002
2021-10-25,60893.92578,63729.32422,60691.80078,63039.82422,31064911614.0,15226.70996
2021-10-26,63032.76172,63229.02734,59991.16016,60363.79297,34878965587.0,15235.70996
2021-10-27,60352.0,61435.18359,58208.1875,58482.38672,43657076893.0,15235.83984
2021-10-28,58470.73047,62128.63281,58206.91797,60622.13672,45257083247.0,15448.12012
2021-10-29,60624.87109,62927.60938,60329.96484,62227.96484,36856881767.0,15498.38965
2021-10-30,62239.36328,62330.14453,60918.38672,61888.83203,32157938616.0,15498.38965
2021-10-31,61850.48828,62406.17188,60074.32813,61318.95703,32241199927.0,15498.38965
2021-11-01,61320.44922,62419.00391,59695.18359,61004.40625,36150572843.0,15595.91992
2021-11-02,60963.25391,64242.79297,60673.05469,63226.40234,37746665647.0,15649.59961
2021-11-03,63254.33594,63516.9375,61184.23828,62970.04688,36124731509.0,15811.58008
2021-11-04,62941.80469,63123.28906,60799.66406,61452.23047,32615846901.0,15940.30957
2021-11-05,61460.07813,62541.46875,60844.60938,61125.67578,30605102446.0,15971.58984
2021-11-06,61068.875,61590.68359,60163.78125,61527.48047,29094934221.0,15971.58984
2021-11-07,61554.92188,63326.98828,61432.48828,63326.98828,24726754302.0,15971.58984
2021-11-08,63344.06641,67673.74219,63344.06641,67566.82813,41125608330.0,15982.36035
2021-11-09,67549.73438,68530.33594,66382.0625,66971.82813,42357991721.0,15886.54004
2021-11-10,66953.33594,68789.625,63208.11328,64995.23047,48730828378.0,15622.70996
2021-11-11,64978.89063,65579.01563,64180.48828,64949.96094,35880633236.0,15704.28027
2021-11-12,64863.98047,65460.81641,62333.91406,64155.94141,36084893887.0,15860.95996
2021-11-13,64158.12109,64915.67578,63303.73438,64469.52734,30474228777.0,15860.95996
2021-11-14,64455.37109,65495.17969,63647.80859,65466.83984,25122092191.0,15860.95996
2021-11-15,65521.28906,66281.57031,63548.14453,63557.87109,30558763548.0,15853.84961
2021-11-16,63721.19531,63721.19531,59016.33594,60161.24609,46844335592.0,15973.86035
2021-11-17,60139.62109,60823.60938,58515.41016,60368.01172,39178392930.0,15921.57031
2021-11-18,60360.13672,60948.5,56550.79297,56942.13672,41388338699.0,15993.70996
2021-11-19,56896.12891,58351.11328,55705.17969,58119.57813,38702407772.0,16057.44043
2021-11-20,58115.08203,59859.87891,57469.72656,59697.19531,30624264863.0,16057.44043
2021-11-21,59730.50781,60004.42578,58618.92969,58730.47656,26123447605.0,16057.44043
2021-11-22,58706.84766,59266.35938,55679.83984,56289.28906,35036121783.0,15854.75977
2021-11-23,56304.55469,57875.51563,55632.76172,57569.07422,37485803899.0,15775.13965
2021-11-24,57565.85156,57803.06641,55964.22266,56280.42578,36635566789.0,15845.23047
2021-11-25,57165.41797,59367.96875,57146.68359,57274.67969,34284016248.0,15845.23047
2021-11-26,58960.28516,59183.48047,53569.76563,53569.76563,41810748221.0,15491.66016
2021-11-27,53736.42969,55329.25781,53668.35547,54815.07813,30560857714.0,15491.66016
2021-11-28,54813.02344,57393.84375,53576.73438,57248.45703,28116886357.0,15491.66016
2021-11-29,57291.90625,58872.87891,56792.52734,57806.56641,32370840356.0,15782.83008
2021-11-30,57830.11328,59113.40234,56057.28125,57005.42578,36708594618.0,15537.69043
2021-12-01,56907.96484,59041.68359,56553.08203,57229.82813,36858195307.0,15254.0498
2021-12-02,57217.37109,57349.23438,55895.13281,56477.81641,32379968686.0,15381.32031
2021-12-03,56509.16406,57482.16797,52496.58594,53598.24609,39789134215.0,15085.46973
2021-12-04,53727.87891,53904.67969,42874.61719,49200.70313,61385677469.0,15085.46973
2021-12-05,49201.51953,49768.14844,47857.49609,49368.84766,37198201161.0,15085.46973
2021-12-06,49413.48047,50929.51953,47281.03516,50582.625,37707308001.0,15225.15039
2021-12-07,50581.82813,51934.78125,50175.80859,50700.08594,33676814852.0,15686.91992
2021-12-08,50667.64844,51171.375,48765.98828,50504.79688,28479699446.0,15786.99023
2021-12-09,50450.08203,50797.16406,47358.35156,47672.12109,29603577251.0,15517.37012
2021-12-10,47642.14453,50015.25391,47023.69922,47243.30469,30966005122.0,15630.59961
2021-12-11,47264.63281,49458.21094,46942.34766,49362.50781,25775869261.0,15630.59961
2021-12-12,49354.85547,50724.86719,48725.85156,50098.33594,21939223599.0,15630.59961
2021-12-13,50114.74219,50205.0,45894.84766,46737.48047,32166727776.0,15413.28027
2021-12-14,46709.82422,48431.39844,46424.49609,46612.63281,34638619079.0,15237.63965
2021-12-15,48379.75391,49473.95703,46671.96484,48896.72266,36541828520.0,15565.58008
2021-12-16,48900.46484,49425.57422,47529.87891,47665.42578,27268150947.0,15180.42969
2021-12-17,47653.73047,48004.89453,45618.21484,46202.14453,32902725329.0,15169.67969
2021-12-18,46219.25391,47313.82813,45598.44141,46848.77734,26098292690.0,15169.67969
2021-12-19,46853.86719,48089.66406,46502.95313,46707.01563,25154053861.0,15169.67969
2021-12-20,46707.0625,47401.71875,45579.80859,46880.27734,30961902129.0,14980.94043
2021-12-21,46886.07813,49300.91797,46698.77344,48936.61328,27055803928.0,15341.08984
2021-12-22,48937.09766,49544.79688,48450.94141,48628.51172,24447979559.0,15521.88965
2021-12-23,48626.34375,51332.33984,48065.83594,50784.53906,28223878108.0,15653.37012
2021-12-24,50806.05078,51814.02734,50514.49609,50822.19531,24367912228.0,15653.37012
2021-12-25,50854.91797,51176.59766,50236.70703,50429.85938,19030650914.0,15653.37012
2021-12-26,50428.69141,51196.37891,49623.10547,50809.51563,20964372926.0,15653.37012
2021-12-27,50802.60938,51956.32813,50499.46875,50640.41797,24324345758.0,15871.25977
2021-12-28,50679.85938,50679.85938,47414.21094,47588.85547,33430376883.0,15781.71973
2021-12-29,47623.87109,48119.74219,46201.49609,46444.71094,30049226299.0,15766.21973
2021-12-30,46490.60547,47879.96484,46060.3125,47178.125,26686491018.0,15741.55957
2021-12-31,47169.37109,48472.52734,45819.95313,46306.44531,36974172400.0,15644.96973
2022-01-01,46311.74609,47827.3125,46288.48438,47686.8125,24582667004.0,15644.96973
2022-01-02,47680.92578,47881.40625,46856.9375,47345.21875,27951569547.0,15644.96973
2022-01-03,47343.54297,47510.72656,45835.96484,46458.11719,33071628362.0,15832.7998
2022-01-04,46458.85156,47406.54688,45752.46484,45897.57422,42494677905.0,15622.71973
2022-01-05,45899.35938,46929.04688,42798.22266,43569.00391,36851084859.0,15100.16992
2022-01-06,43565.51172,43748.71875,42645.53906,43160.92969,30208048289.0,15080.86035
2022-01-07,43153.57031,43153.57031,41077.44531,41557.90234,84196607520.0,14935.90039
2022-01-08,41561.46484,42228.94141,40672.27734,41733.94141,28066355845.0,14935.90039
2022-01-09,41734.72656,42663.94922,41338.16016,41911.60156,21294384372.0,14935.90039
2022-01-10,41910.23047,42199.48438,39796.57031,41821.26172,32104232331.0,14942.83008
2022-01-11,41819.50781,43001.15625,41407.75391,42735.85547,26327648900.0,15153.4502
2022-01-12,42742.17969,44135.36719,42528.98828,43949.10156,33499938689.0,15188.38965
2022-01-13,43946.74219,44278.42188,42447.04297,42591.57031,47691135082.0,14806.80957
2022-01-14,42598.87109,43346.6875,41982.61719,43099.69922,23577403399.0,14893.75
2022-01-15,43101.89844,43724.67188,42669.03516,43177.39844,18371348298.0,14893.75
2022-01-16,43172.03906,43436.80859,42691.02344,43113.87891,17902097845.0,14893.75
2022-01-17,43118.12109,43179.39063,41680.32031,42250.55078,21690904261.0,14893.75
2022-01-18,42250.07422,42534.40234,41392.21484,42375.63281,22417209227.0,14506.90039
2022-01-19,42374.03906,42478.30469,41242.91406,41744.32813,23091543258.0,14340.25977
2022-01-20,41744.02734,43413.02344,40672.82422,40680.41797,20382033940.0,14154.01953
2022-01-21,40699.60547,41060.52734,35791.42578,36457.31641,43011992031.0,13768.91992
2022-01-22,36471.58984,36688.8125,34349.25,35030.25,39714385405.0,13768.91992
2022-01-23,35047.35938,36433.3125,34784.96875,36276.80469,26017975951.0,13768.91992
2022-01-24,36275.73438,37247.51953,33184.05859,36654.32813,41856658597.0,13855.12988
2022-01-25,36654.80469,37444.57031,35779.42969,36954.00391,26428189594.0,13539.29004
2022-01-26,36950.51563,38825.41016,36374.90625,36852.12109,31324598034.0,13542.12012
2022-01-27,36841.87891,37148.32422,35629.28125,37138.23438,25041426629.0,13352.78027
2022-01-28,37128.44531,37952.87891,36211.10938,37784.33203,22238830523.0,13770.57031
2022-01-29,37780.71484,38576.26172,37406.47266,38138.17969,17194183075.0,13770.57031
2022-01-30,38151.91797,38266.33984,37437.71094,37917.60156,14643548444.0,13770.57031
2022-01-31,37920.28125,38647.26172,36733.57422,38483.125,20734730465.0,14239.87988
2022-02-01,38481.76563,39115.13281,38113.66406,38743.27344,20288500328.0,14346.0
2022-02-02,38743.71484,38834.61719,36832.73047,36952.98438,19155189416.0,14417.5498
2022-02-03,36944.80469,37154.60156,36375.53906,37154.60156,18591534769.0,13878.82031
2022-02-04,37149.26563,41527.78516,37093.62891,41500.875,29412210792.0,14098.00977
2022-02-05,41501.48047,41847.16406,41038.09766,41441.16406,19652846215.0,14098.00977
2022-02-06,41441.12109,42500.78516,41244.90625,42412.43359,16142097334.0,14098.00977
2022-02-07,42406.78125,44401.86328,41748.15625,43840.28516,28641855926.0,14015.66992
2022-02-08,43854.65234,45293.86719,42807.83594,44118.44531,33079398868.0,14194.4502
2022-02-09,44096.70313,44727.80078,43232.96875,44338.79688,23245887300.0,14490.37012
2022-02-10,44347.80078,45661.17188,43402.80859,43565.11328,32142048537.0,14185.63965
2022-02-11,43571.12891,43810.83203,42114.53906,42407.9375,26954925781.0,13791.15039
2022-02-12,42412.30078,42992.55078,41852.57422,42244.46875,18152390304.0,13791.15039
2022-02-13,42236.56641,42693.05469,41950.94141,42197.51563,14741589015.0,13791.15039
2022-02-14,42157.39844,42775.77734,41681.95703,42586.91797,20827783012.0,13790.91992
2022-02-15,42586.46484,44667.21875,42491.03516,44575.20313,22721659051.0,14139.75977
2022-02-16,44578.27734,44578.27734,43456.69141,43961.85938,19792547657.0,14124.08984
2022-02-17,43937.07031,44132.97266,40249.37109,40538.01172,26246662813.0,13716.71973
2022-02-18,40552.13281,40929.15234,39637.61719,40030.97656,23310007704.0,13548.07031
2022-02-19,40026.02344,40418.87891,39713.05859,40122.15625,13736557863.0,13548.07031
2022-02-20,40118.10156,40119.89063,38112.8125,38431.37891,18340576452.0,13548.07031
2022-02-21,38423.21094,39394.4375,36950.47656,37075.28125,29280402798.0,13548.07031
2022-02-22,37068.76953,38359.85547,36488.93359,38286.02734,25493150450.0,13381.51953
2022-02-23,38285.28125,39122.39453,37201.81641,37296.57031,21849073843.0,13037.49023
2022-02-24,37278.56641,38968.83984,34459.21875,38332.60938,46383802093.0,13473.58984
2022-02-25,38333.74609,39630.32422,38111.34375,39214.21875,26545599159.0,13694.62012
2022-02-26,39213.08203,40005.34766,38702.53516,39105.14844,17467554129.0,13694.62012
2022-02-27,39098.69922,39778.94141,37268.97656,37709.78516,23450127612.0,13694.62012
2022-02-28,37706.0,43760.45703,37518.21484,43193.23438,35690014104.0,13751.40039
2022-03-01,43194.50391,44793.60156,42952.58594,44354.63672,32479047645.0,13532.45996
2022-03-02,44357.61719,45077.57813,43432.85156,43924.11719,29183112630.0,13752.01953
2022-03-03,43925.19531,44021.57813,41914.75,42451.78906,24967782593.0,13537.94043
2022-03-04,42458.14063,42479.61328,38805.84766,39137.60547,28516271427.0,13313.44043
2022-03-05,39148.44922,39566.33594,38777.03516,39400.58594,16975917450.0,13313.44043
2022-03-06,39404.19922,39640.17578,38211.64844,38419.98438,19745229902.0,13313.44043
2022-03-07,38429.30469,39430.22656,37260.20313,38062.03906,28546143503.0,12830.95996
2022-03-08,38059.90234,39304.44141,37957.38672,38737.26953,25776583476.0,12795.5498
2022-03-09,38742.81641,42465.67188,38706.09375,41982.92578,32284121034.0,13255.5498
2022-03-10,41974.07031,42004.72656,38832.94141,39437.46094,31078064711.0,13129.95996
2022-03-11,39439.96875,40081.67969,38347.43359,38794.97266,26364890465.0,12843.80957
2022-03-12,38794.46484,39308.59766,38772.53516,38904.01172,14616450657.0,12843.80957
2022-03-13,38884.72656,39209.35156,37728.14453,37849.66406,17300745310.0,12843.80957
2022-03-14,37846.31641,39742.5,37680.73438,39666.75391,24322159070.0,12581.21973
2022-03-15,39664.25,39794.62891,38310.21094,39338.78516,23934000868.0,12948.62012
2022-03-16,39335.57031,41465.45313,39022.34766,41143.92969,39616916192.0,13436.5498
2022-03-17,41140.84375,41287.53516,40662.87109,40951.37891,22009601093.0,13614.78027
2022-03-18,40944.83984,42195.74609,40302.39844,41801.15625,34421564942.0,13893.83984
2022-03-19,41794.64844,42316.55469,41602.66797,42190.65234,19664853187.0,13893.83984
2022-03-20,42191.40625,42241.16406,41004.75781,41247.82422,20127946682.0,13893.83984
2022-03-21,41246.13281,41454.41016,40668.04297,41077.99609,24615543271.0,13838.45996
2022-03-22,41074.10547,43124.70703,40948.28125,42358.80859,32004652376.0,14108.82031
2022-03-23,42364.37891,42893.50781,41877.50781,42892.95703,25242943069.0,13922.59961
2022-03-24,42886.65234,44131.85547,42726.16406,43960.93359,31042992291.0,14191.83984
2022-03-25,43964.54688,44999.49219,43706.28516,44348.73047,30574413034.0,14169.2998
2022-03-26,44349.85938,44735.99609,44166.27344,44500.82813,16950455995.0,14169.2998
2022-03-27,44505.35547,46827.54688,44437.29297,46820.49219,28160889722.0,14169.2998
2022-03-28,46821.85156,48086.83594,46690.20313,47128.00391,36362175703.0,14354.90039
2022-03-29,47100.4375,48022.28906,47100.4375,47465.73047,31397059069.0,14619.63965
2022-03-30,47456.89844,47655.14844,46746.21094,47062.66406,29333883962.0,14442.26953
2022-03-31,47062.14844,47512.02734,45390.53906,45538.67578,33327427106.0,14220.51953
2022-04-01,45554.16406,46616.24219,44403.14063,46281.64453,38162644287.0,14261.5
2022-04-02,46285.5,47028.28125,45782.51172,45868.94922,29336594194.0,14261.5
2022-04-03,45859.12891,47313.47656,45634.10547,46453.56641,25414397610.0,14261.5
2022-04-04,46445.27344,46791.08984,45235.81641,46622.67578,32499785455.0,14532.5498
2022-04-05,46624.50781,47106.14063,45544.80859,45555.99219,29640604055.0,14204.16992
2022-04-06,45544.35547,45544.35547,43193.95313,43206.73828,39393395788.0,13888.82031
2022-04-07,43207.5,43860.69922,42899.90625,43503.84766,26101973106.0,13897.2998
2022-04-08,43505.13672,43903.01953,42183.28906,42287.66406,27215995394.0,13711.0
2022-04-09,42282.07813,42786.81641,42183.25391,42782.13672,16050772496.0,13711.0
2022-04-10,42781.08984,43376.37891,42021.20703,42207.67188,17654475582.0,13711.0
2022-04-11,42201.03906,42424.58984,39373.05859,39521.90234,33949912166.0,13411.95996
2022-04-12,39533.71484,40617.58594,39388.32813,40127.18359,30991500854.0,13371.57031
2022-04-13,40123.57031,41430.05469,39712.74609,41166.73047,27691105228.0,13643.58984
2022-04-14,41160.21875,41451.48047,39695.74609,39935.51563,24342001973.0,13351.08008
2022-04-15,39939.40234,40617.72266,39866.83203,40553.46484,21756855753.0,13351.08008
2022-04-16,40552.31641,40633.67969,40078.42578,40424.48438,16833150693.0,13351.08008
2022-04-17,40417.77734,40570.72656,39620.89453,39716.95313,19087633042.0,13351.08008
2022-04-18,39721.20313,40986.32031,38696.19141,40826.21484,33705182072.0,13332.36035
2022-04-19,40828.17578,41672.96094,40618.63281,41502.75,25303206547.0,13619.66016
2022-04-20,41501.74609,42126.30078,40961.09766,41374.37891,27819532341.0,13453.07031
2022-04-21,41371.51563,42893.58203,40063.82813,40527.36328,35372786395.0,13174.65039
2022-04-22,40525.86328,40777.75781,39315.41797,39740.32031,28011716745.0,12839.29004
2022-04-23,39738.72266,39935.85938,39352.20313,39486.73047,16138021249.0,12839.29004
2022-04-24,39478.375,39845.92578,39233.53906,39469.29297,17964398167.0,12839.29004
2022-04-25,39472.60547,40491.75391,38338.37891,40458.30859,35445730570.0,13004.84961
2022-04-26,40448.42188,40713.89063,37884.98438,38117.46094,34569088416.0,12490.74023
2022-04-27,38120.30078,39397.91797,37997.3125,39241.12109,30981015184.0,12488.92969
2022-04-28,39241.42969,40269.46484,38941.42188,39773.82813,33903704907.0,12871.53027
2022-04-29,39768.61719,39887.26953,38235.53516,38609.82422,30882994649.0,12334.63965
2022-04-30,38605.85938,38771.21094,37697.94141,37714.875,23895713731.0,12334.63965
2022-05-01,37713.26563,38627.85938,37585.78906,38469.09375,27002760110.0,12334.63965
2022-05-02,38472.1875,39074.97266,38156.5625,38529.32813,32922642426.0,12536.01953
2022-05-03,38528.10938,38629.99609,37585.62109,37750.45313,27326943244.0,12563.75977
2022-05-04,37748.01172,39902.94922,37732.05859,39698.37109,36754404490.0,12964.86035
2022-05-05,39695.74609,39789.28125,35856.51563,36575.14063,43106256317.0,12317.69043
2022-05-06,36573.18359,36624.35938,35482.13281,36040.92188,37795577489.0,12144.66016
2022-05-07,36042.50391,36129.92578,34940.82422,35501.95313,24375896406.0,12144.66016
2022-05-08,35502.94141,35502.94141,33878.96484,34059.26563,36763041910.0,12144.66016
2022-05-09,34060.01563,34222.07422,30296.95313,30296.95313,63355494961.0,11623.25
2022-05-10,30273.6543,32596.30859,29944.80273,31022.90625,59811038817.0,11737.66992
2022-05-11,31016.18359,32013.40234,28170.41406,28936.35547,70388855818.0,11364.24023
2022-05-12,28936.73438,30032.43945,26350.49023,29047.75195,66989173272.0,11370.95996
2022-05-13,29030.91016,30924.80273,28782.33008,29283.10352,42841124537.0,11805.0
2022-05-14,29285.64258,30192.80273,28702.91016,30101.26563,28579868620.0,11805.0
2022-05-15,30098.58594,31308.19141,29527.74023,31305.11328,25835372065.0,11805.0
2022-05-16,31304.375,31305.3418,29251.88477,29862.91797,32613897286.0,11662.79004
2022-05-17,29862.4082,30694.49023,29570.30273,30425.85742,29101473475.0,11984.51953
2022-05-18,30424.47852,30618.7168,28720.27148,28720.27148,31285268319.0,11418.15039
2022-05-19,28720.35938,30430.75195,28708.95508,30314.33398,33773447707.0,11388.5
2022-05-20,30311.11914,30664.97656,28793.60547,29200.74023,30749382605.0,11354.62012
2022-05-21,29199.85938,29588.86914,29027.39453,29432.22656,17274840442.0,11354.62012
2022-05-22,29432.47266,30425.86133,29275.18359,30323.72266,21631532270.0,11354.62012
2022-05-23,30309.39648,30590.58594,28975.56055,29098.91016,31483454557.0,11535.26953
2022-05-24,29101.125,29774.35547,28786.58984,29655.58594,26616506245.0,11264.4502
2022-05-25,29653.13477,30157.78516,29384.94922,29562.36133,27525063551.0,11434.74023
2022-05-26,29564.77734,29834.16016,28261.90625,29267.22461,36774325352.0,11740.65039
2022-05-27,29251.14063,29346.94336,28326.61328,28627.57422,36582005748.0,12131.12988
2022-05-28,28622.625,28814.90039,28554.56641,28814.90039,35519577634.0,12131.12988
2022-05-29,29019.86719,29498.00977,28841.10742,29445.95703,18093886409.0,12131.12988
2022-05-30,29443.36523,31949.63086,29303.57227,31726.39063,39277993274.0,12131.12988
2022-05-31,31723.86523,32249.86328,31286.1543,31792.31055,33538210634.0,12081.38965
2022-06-01,31792.55469,31957.28516,29501.58789,29799.08008,41135817341.0,11994.45996
2022-06-02,29794.89063,30604.73438,29652.70508,30467.48828,29083562061.0,12316.90039
2022-06-03,30467.80664,30633.03516,29375.68945,29704.39063,26175547452.0,12012.73047
2022-06-04,29706.13867,29930.56445,29500.00586,29832.91406,16588370958.0,12012.73047
2022-06-05,29835.11719,30117.74414,29574.44922,29906.66211,17264085441.0,12012.73047
2022-06-06,29910.2832,31693.29102,29894.1875,31370.67188,31947336829.0,12061.37012
2022-06-07,31371.74219,31489.68359,29311.68359,31155.47852,40770974039.0,12175.23047
2022-06-08,31151.48047,31253.69141,29944.4043,30214.35547,30242059107.0,12086.26953
2022-06-09,30215.2793,30609.31055,30020.26563,30111.99805,21692004719.0,11754.23047
2022-06-10,30110.33008,30245.80859,28978.14648,29083.80469,29867476527.0,11340.01953
2022-06-11,29084.66602,29401.91602,28236.21289,28360.81055,27246574439.0,11340.01953
2022-06-12,28373.51367,28502.68555,26762.64844,26762.64844,34163220274.0,11340.01953
2022-06-13,26737.57813,26795.58984,22141.25781,22487.38867,68204556440.0,10809.23047
2022-06-14,22487.98633,23018.95117,20950.81836,22206.79297,50913575242.0,10828.34961
2022-06-15,22196.73047,22642.67188,20178.37695,22572.83984,54912007015.0,11099.15039
2022-06-16,22576.30469,22868.92188,20265.22656,20381.65039,31183975654.0,10646.09961
2022-06-17,20385.71875,21243.3125,20326.51953,20471.48242,27132421514.0,10798.34961
2022-06-18,20473.42578,20736.04102,17708.62305,19017.64258,42009436760.0,10798.34961
2022-06-19,19010.90234,20683.82227,18067.15234,20553.27148,35329942625.0,10798.34961
2022-06-20,20553.37109,20913.32227,19689.16992,20599.53711,30818458597.0,10798.34961
2022-06-21,20594.29492,21620.62891,20415.0625,20710.59766,28970212744.0,11069.2998
2022-06-22,20719.41406,20835.75,19848.07813,19987.0293,28574793478.0,11053.08008
2022-06-23,19986.60742,21135.76172,19950.11719,21085.87695,26188097173.0,11232.19043
2022-06-24,21084.64844,21472.91797,20777.51172,21231.65625,24957784918.0,11607.62012
2022-06-25,21233.60938,21520.91406,20964.58594,21502.33789,18372538715.0,11607.62012
2022-06-26,21496.49414,21783.72461,21016.26953,21027.29492,18027170497.0,11607.62012
2022-06-27,21028.23828,21478.08984,20620.19922,20735.47852,20965695707.0,11524.5498
2022-06-28,20731.54492,21164.42383,20228.8125,20280.63477,21381535161.0,11181.54004
2022-06-29,20281.16992,20364.15625,19937.79102,20104.02344,23552740328.0,11177.88965
2022-06-30,20108.3125,20141.16016,18729.65625,19784.72656,26267239923.0,11028.74023
2022-07-01,19820.4707,20632.67188,19073.70898,19269.36719,30767551159.0,11127.84961
2022-07-02,19274.83594,19371.74805,19027.08203,19242.25586,18100418740.0,11127.84961
2022-07-03,19242.0957,19558.26953,18966.95117,19297.07617,16390821947.0,11127.84961
2022-07-04,19297.31445,20258.74805,19063.06641,20231.26172,21594638208.0,11127.84961
2022-07-05,20225.35352,20635.4668,19341.23242,20190.11523,26715546990.0,11322.24023
2022-07-06,20194.61914,20595.5293,19823.51172,20548.24609,24598943708.0,11361.84961
2022-07-07,20547.81445,21771.81641,20296.10352,21637.58789,25814972520.0,11621.34961
2022-07-08,21637.1543,22314.94141,21257.45313,21731.11719,49899834488.0,11635.30957
2022-07-09,21716.82813,21877.13867,21445.95703,21592.20703,29641127858.0,11635.30957
2022-07-10,21591.08008,21591.08008,20727.12305,20860.44922,28688807249.0,11635.30957
2022-07-11,20856.35352,20856.35352,19924.53906,19970.55664,24150249025.0,11372.59961
2022-07-12,19970.47461,20043.44531,19308.53125,19323.91406,25810220018.0,11264.73047
2022-07-13,19325.97266,20223.05273,18999.95313,20212.07422,33042430345.0,11247.58008
2022-07-14,20211.4668,20789.89453,19689.25781,20569.91992,31158743333.0,11251.19043
2022-07-15,20573.15625,21138.24414,20397.0,20836.32813,25905575359.0,11452.41992
2022-07-16,20834.10352,21514.4043,20518.89844,21190.31641,24302954056.0,11452.41992
2022-07-17,21195.04102,21600.64063,20778.17969,20779.34375,22927802083.0,11452.41992
2022-07-18,20781.91211,22633.0332,20781.91211,22485.68945,39974475562.0,11360.0498
2022-07-19,22467.84961,23666.96289,21683.40625,23389.43359,48765202697.0,11713.15039
2022-07-20,23393.19141,24196.81836,23009.94922,23231.73242,42932549127.0,11897.65039
2022-07-21,23233.20117,23388.32227,22431.14844,23164.62891,33631012204.0,12059.61035
2022-07-22,23163.75195,23671.92773,22603.41602,22714.97852,31421555646.0,11834.11035
2022-07-23,22706.98438,22977.21094,22002.91016,22465.47852,24021799169.0,11834.11035
2022-07-24,22465.50977,22974.00195,22306.83984,22609.16406,23565495303.0,11834.11035
2022-07-25,22607.15625,22649.12109,21361.64258,21361.70117,35574561406.0,11782.66992
2022-07-26,21361.12109,21361.12109,20776.81641,21239.75391,28624673855.0,11562.57031
2022-07-27,21244.16992,22986.5293,21070.80664,22930.54883,31758955233.0,12032.41992
2022-07-28,22933.64063,24110.4707,22722.26563,23843.88672,40212386158.0,12162.58984
2022-07-29,23845.21289,24294.78711,23481.17383,23804.63281,35887249746.0,12390.69043
2022-07-30,23796.81836,24572.58008,23580.50781,23656.20703,28148218301.0,12390.69043
2022-07-31,23652.07031,24121.64258,23275.70313,23336.89648,23553591896.0,12390.69043
2022-08-01,23336.71875,23464.78711,22890.79688,23314.19922,25849159141.0,12368.98047
2022-08-02,23308.43359,23415.04102,22710.08398,22978.11719,28389250717.0,12348.75977
2022-08-03,22981.30273,23578.65039,22747.83594,22846.50781,26288169966.0,12668.16016
2022-08-04,22848.21484,23198.00977,22485.70117,22630.95703,25120229769.0,12720.58008
2022-08-05,22626.83398,23422.82813,22612.17773,23289.31445,28881249043.0,12657.5498
2022-08-06,23291.42383,23326.5625,22961.2793,22961.2793,15978259885.0,12657.5498
2022-08-07,22963.50586,23359.00977,22894.55664,23175.89063,15886817043.0,12657.5498
2022-08-08,23179.52734,24203.68945,23176.54688,23809.48633,28575544847.0,12644.45996
2022-08-09,23811.48438,23898.61523,22982.0,23164.31836,23555719219.0,12493.92969
2022-08-10,23162.89844,24127.41406,22771.51953,23947.64258,32837431722.0,12854.7998
2022-08-11,23948.3457,24822.62891,23900.99609,23957.5293,37127036580.0,12779.91016
2022-08-12,23957.20313,24412.56641,23657.26563,24402.81836,27265804688.0,13047.19043
2022-08-13,24402.1875,24860.05078,24346.11523,24424.06836,22987346289.0,13047.19043
2022-08-14,24429.05664,24974.91406,24206.25977,24319.33398,22994133555.0,13047.19043
2022-08-15,24318.31641,25135.58984,23839.77539,24136.97266,35123501685.0,13128.0498
2022-08-16,24126.13672,24228.41602,23733.5,23883.29102,27753685646.0,13102.5498
2022-08-17,23881.31641,24407.05859,23243.35352,23335.99805,30931623076.0,12938.12012
2022-08-18,23341.03906,23563.83203,23177.60156,23212.73828,23747613147.0,12965.33984
2022-08-19,23213.3125,23213.3125,20868.84766,20877.55273,40509610260.0,12705.21973
2022-08-20,20872.8418,21350.80664,20856.73047,21166.06055,27595671000.0,12705.21973
2022-08-21,21160.39258,21668.8457,21103.19727,21534.12109,23102307723.0,12705.21973
2022-08-22,21531.46289,21531.46289,20939.18359,21398.9082,31666498758.0,12381.57031
2022-08-23,21401.04492,21646.20313,20955.13867,21528.08789,31878280659.0,12381.2998
2022-08-24,21526.45508,21783.07617,21195.00586,21395.01953,31962253368.0,12431.53027
2022-08-25,21395.45898,21789.63672,21362.44141,21600.9043,31028679593.0,12639.26953
2022-08-26,21596.08594,21804.9082,20199.48242,20260.01953,42326789564.0,12141.70996
2022-08-27,20262.48047,20340.77539,19890.52344,20041.73828,30116729776.0,12141.70996
2022-08-28,20041.03516,20139.05469,19616.81445,19616.81445,24366810591.0,12141.70996
2022-08-29,19615.1543,20357.46289,19600.78516,20297.99414,32637854078.0,12017.66992
2022-08-30,20298.61133,20542.64453,19617.64063,19796.80859,34483360283.0,11883.13965
2022-08-31,19799.58203,20420.99023,19799.58203,20049.76367,33225232872.0,11816.2002
2022-09-01,20050.49805,20198.39063,19653.96875,20127.14063,30182031010.0,11785.12988
2022-09-02,20126.07227,20401.56836,19814.76563,19969.77148,29123998928.0,11630.86035
2022-09-03,19969.71875,20037.00977,19698.35547,19832.08789,23613051457.0,11630.86035
2022-09-04,19832.4707,19999.68945,19636.81641,19986.71289,25245861652.0,11630.86035
2022-09-05,19988.78906,20031.16016,19673.04688,19812.37109,28813460025.0,11630.86035
2022-09-06,19817.72461,20155.26953,18800.17188,18837.66797,43403978910.0,11544.91016
2022-09-07,18837.68359,19427.17188,18644.4668,19290.32422,35239757134.0,11791.90039
2022-09-08,19289.94141,19417.35156,19076.71484,19329.83398,32194477850.0,11862.12988
2022-09-09,19328.14063,21439.41016,19310.96289,21381.15234,48469528171.0,12112.30957
2022-09-10,21376.91211,21760.27539,21168.72266,21680.53906,36913738894.0,12112.30957
2022-09-11,21678.54297,21770.55273,21406.94531,21769.25586,34493951963.0,12112.30957
2022-09-12,21770.14844,22439.18164,21603.89648,22370.44922,50212088965.0,12266.41016
2022-09-13,22371.48047,22673.82031,20062.66992,20296.70703,51091116622.0,11633.57031
2022-09-14,20184.55469,20467.20117,19793.39648,20241.08984,37872380889.0,11719.67969
2022-09-15,20242.28906,20318.16602,19636.73438,19701.21094,36389011503.0,11552.36035
2022-09-16,19704.00586,19870.62891,19400.07617,19772.58398,30123362273.0,11448.40039
2022-09-17,19777.0332,20162.53125,19777.0332,20127.57617,24957448100.0,11448.40039
2022-09-18,20127.23438,20127.23438,19387.49219,19419.50586,31254779144.0,11448.40039
2022-09-19,19418.57227,19639.48047,18390.31836,19544.12891,40177002624.0,11535.01953
2022-09-20,19545.5918,19602.45703,18813.45508,18890.78906,36791346508.0,11425.0498
2022-09-21,18891.2832,19674.63086,18290.31445,18547.40039,46363793975.0,11220.19043
2022-09-22,18534.65039,19456.91016,18415.5918,19413.55078,41135767926.0,11066.80957
2022-09-23,19412.40039,19464.67188,18617.55273,19297.63867,38896078052.0,10867.92969
2022-09-24,19296.99023,19310.19727,18861.97461,18937.01172,26149643168.0,10867.92969
2022-09-25,18936.31055,19134.73242,18696.46875,18802.09766,23359966112.0,10867.92969
2022-09-26,18803.90039,19274.87305,18721.28516,19222.67188,44148798321.0,10802.91992
2022-09-27,19221.83984,20338.45508,18915.66797,19110.54688,58571439619.0,10829.5
2022-09-28,19104.62109,19688.34375,18553.29688,19426.7207,53071298734.0,11051.63965
2022-09-29,19427.7793,19589.26563,18924.35352,19573.05078,41037843771.0,10737.50977
2022-09-30,19573.43164,20109.84961,19265.66211,19431.78906,43975248085.0,10575.62012
2022-10-01,19431.10547,19471.1543,19231.08203,19312.0957,18719537670.0,10575.62012
2022-10-02,19311.84961,19370.30859,18970.62109,19044.10742,20765955327.0,10575.62012
2022-10-03,19044.06836,19653.54297,19025.22656,19623.58008,30484729489.0,10815.42969
2022-10-04,19623.58398,20380.34375,19523.83984,20336.84375,35887278685.0,11176.41016
2022-10-05,20335.90039,20343.74805,19801.80078,20160.7168,33223790572.0,11148.63965
2022-10-06,20161.03906,20408.39258,19900.08789,19955.44336,34711412966.0,11073.30957
2022-10-07,19957.55859,20041.08594,19395.79297,19546.84961,29227315390.0,10652.40039
2022-10-08,19546.32813,19601.69531,19299.41406,19416.56836,16437423167.0,10652.40039
2022-10-09,19417.47852,19542.53906,19349.25977,19446.42578,16837262532.0,10652.40039
2022-10-10,19446.41602,19515.4668,19102.97852,19141.48438,27425022774.0,10542.09961
2022-10-11,19139.0,19241.96094,18925.60352,19051.41797,28711532910.0,10426.19043
2022-10-12,19052.64648,19203.19922,19029.75781,19157.44531,24950173846.0,10417.09961
2022-10-13,19156.9668,19453.32813,18319.82227,19382.9043,44219840004.0,10649.15039
2022-10-14,19382.5332,19889.14648,19115.4082,19185.65625,38452356727.0,10321.38965
2022-10-15,19185.4375,19212.54102,19019.25,19067.63477,16192235532.0,10321.38965
2022-10-16,19068.91406,19389.60352,19068.91406,19268.09375,17988916650.0,10321.38965
2022-10-17,19268.5625,19635.80273,19173.33398,19550.75781,27472552998.0,10675.7998
2022-10-18,19550.4668,19666.99414,19144.76953,19334.41602,30580012344.0,10772.40039
2022-10-19,19335.02734,19348.41602,19127.6875,19139.53516,22425387184.0,10680.50977
2022-10-20,19138.08594,19315.19922,18971.45898,19053.74023,24493974420.0,10614.83984
2022-10-21,19053.20313,19237.38477,18770.9707,19172.46875,32459287866.0,10859.71973
2022-10-22,19172.38086,19248.06836,19132.24414,19208.18945,16104440957.0,10859.71973
2022-10-23,19207.73438,19646.65234,19124.19727,19567.00781,22128794335.0,10859.71973
2022-10-24,19567.76953,19589.125,19206.32422,19345.57227,30202235805.0,10952.61035
2022-10-25,19344.96484,20348.41211,19261.44727,20095.85742,47761524910.0,11199.12012
2022-10-26,20092.23633,20938.13477,20076.11719,20770.44141,58895950537.0,10970.99023
2022-10-27,20772.80273,20854.04492,20255.37305,20285.83594,49625110402.0,10792.66992
2022-10-28,20287.95703,20724.98047,20086.06836,20595.35156,43994715910.0,11102.4502
2022-10-29,20595.10352,20988.39453,20566.48438,20818.47656,40369840645.0,11102.4502
2022-10-30,20817.98242,20917.00586,20547.46289,20635.60352,31486345556.0,11102.4502
2022-10-31,20633.69531,20795.32031,20287.45898,20495.77344,45668466815.0,10988.15039
2022-11-01,20494.89844,20647.28906,20359.8457,20485.27344,39819303159.0,10890.84961
2022-11-02,20482.95898,20742.81055,20087.13477,20159.50391,55552169483.0,10524.7998
2022-11-03,20162.68945,20382.0957,20086.24023,20209.98828,43228750179.0,10342.94043
2022-11-04,20208.76953,21209.56055,20188.01953,21147.23047,64072727950.0,10475.25
2022-11-05,21144.83203,21446.88672,21097.63477,21282.69141,37846047609.0,10475.25
2022-11-06,21285.05664,21345.37695,20920.19141,20926.48633,35082693210.0,10475.25
2022-11-07,20924.62109,21053.24609,20489.97266,20602.81641,53510852236.0,10564.51953
2022-11-08,20600.67188,20664.60742,17603.54492,18541.27148,119000000000.0,10616.2002
2022-11-09,18543.76172,18590.45898,15682.69238,15880.78027,103000000000.0,10353.16992
2022-11-10,15883.1582,18054.3125,15834.01856,17586.77148,83202283721.0,11114.15039
2022-11-11,17583.25195,17650.94336,16543.48242,17034.29297,55871616488.0,11323.33008
2022-11-12,17036.875,17066.67578,16651.77539,16799.18555,29717699419.0,11323.33008
2022-11-13,16799.72266,16920.76563,16320.63477,16353.36523,27209183682.0,11323.33008
2022-11-14,16352.02832,17109.32422,15872.94141,16618.19922,49630243054.0,11196.21973
2022-11-15,16617.48438,17051.96289,16542.55078,16884.61328,36599436183.0,11358.41016
2022-11-16,16884.3418,16960.29492,16430.11133,16669.43945,33925512989.0,11183.66016
2022-11-17,16670.42578,16726.43945,16460.68359,16687.51758,27868914022.0,11144.95996
2022-11-18,16687.91211,16947.05859,16564.61133,16697.77734,26862218609.0,11146.05957
2022-11-19,16696.2207,16797.87695,16570.41016,16711.54688,16106223492.0,11146.05957
2022-11-20,16712.91992,16746.7793,16248.69238,16291.83203,21313378652.0,11146.05957
2022-11-21,16291.22363,16291.22363,15599.04688,15787.28418,37429485518.0,11024.50977
2022-11-22,15782.30078,16253.04785,15656.60645,16189.76953,30726828760.0,11174.41016
2022-11-23,16195.58887,16638.19336,16170.50293,16610.70703,32958875628.0,11285.32031
2022-11-24,16611.63672,16771.47461,16501.76758,16604.46484,26129037414.0,11285.32031
2022-11-25,16602.26953,16603.31641,16388.4043,16521.8418,18678255976.0,11226.36035
2022-11-26,16521.57617,16666.86328,16416.22852,16464.28125,18000008764.0,11226.36035
2022-11-27,16463.88281,16594.40625,16437.02539,16444.62695,20443898509.0,11226.36035
2022-11-28,16440.22266,16482.93359,16054.53027,16217.32227,27743025156.0,11049.5
2022-11-29,16217.63965,16522.25781,16139.39648,16444.98242,23581685468.0,10983.78027
2022-11-30,16445.47656,17190.9375,16445.47656,17168.56641,29523576583.0,11468.0
2022-12-01,17168.00195,17197.49805,16888.38867,16967.13281,22895392882.0,11482.4502
2022-12-02,16968.68359,17088.66016,16877.88086,17088.66016,19539705127.0,11461.5
2022-12-03,17090.09766,17116.04102,16888.14063,16908.23633,16217776704.0,11461.5
2022-12-04,16908.16992,17157.76758,16903.43945,17130.48633,16824520830.0,11461.5
2022-12-05,17128.89453,17378.15234,16922.43164,16974.82617,22209086834.0,11239.94043
2022-12-06,16975.23828,17091.86328,16939.92188,17089.50391,19889922369.0,11014.88965
2022-12-07,17089.50586,17109.37695,16750.55859,16848.12695,19675404389.0,10958.5498
2022-12-08,16847.34961,17267.91602,16788.7832,17233.47461,20496603770.0,11082.0
2022-12-09,17232.14844,17280.54688,17100.83594,17133.15234,20328426366.0,11004.62012
2022-12-10,17134.2207,17216.82617,17120.68359,17128.72461,12706781969.0,11004.62012
2022-12-11,17129.71094,17245.63477,17091.82031,17104.19336,14122486832.0,11004.62012
2022-12-12,17102.5,17212.56445,16899.39453,17206.4375,19617581341.0,11143.74023
2022-12-13,17206.44141,17930.08594,17111.76367,17781.31836,26634741631.0,11256.80957
2022-12-14,17782.06641,18318.53125,17739.51367,17815.65039,25534481470.0,11170.88965
2022-12-15,17813.64453,17846.74414,17322.58984,17364.86523,20964448341.0,10810.53027
2022-12-16,17364.54688,17505.52539,16584.70117,16647.48438,24031608960.0,10705.41016
2022-12-17,16646.98242,16800.58984,16614.0293,16795.0918,14463581825.0,10705.41016
2022-12-18,16795.60938,16815.38672,16697.82031,16757.97656,10924354698.0,10705.41016
2022-12-19,16759.04102,16807.52734,16398.13672,16439.67969,17221074814.0,10546.03027
2022-12-20,16441.78711,17012.98438,16427.86719,16906.30469,22722096615.0,10547.11035
2022-12-21,16904.52734,16916.80078,16755.91211,16817.53516,14882945045.0,10709.37012
2022-12-22,16818.38086,16866.67383,16592.4082,16830.3418,16441573050.0,10476.12012
2022-12-23,16829.64453,16905.21875,16794.45898,16796.95313,15329265213.0,10497.86035
2022-12-24,16796.97656,16864.70313,16793.52734,16847.75586,9744636213.0,10497.86035
2022-12-25,16847.50586,16860.55469,16755.25391,16841.98633,11656379938.0,10497.86035
2022-12-26,16842.25,16920.12305,16812.36914,16919.80469,11886957804.0,10497.86035
2022-12-27,16919.29102,16959.8457,16642.07227,16717.17383,15748580239.0,10353.23047
2022-12-28,16716.40039,16768.16992,16497.55664,16552.57227,17005713920.0,10213.29004
2022-12-29,16552.32227,16651.75586,16508.68359,16642.3418,14472237479.0,10478.08984
2022-12-30,16641.33008,16643.42773,16408.47461,16602.58594,15929162910.0,10466.48047
2022-12-31,16603.67383,16628.98633,16517.51953,16547.49609,11239186456.0,10466.48047
2023-01-01,16547.91406,16630.43945,16521.23438,16625.08008,9244361700.0,10466.48047
2023-01-02,16625.50977,16759.34375,16572.22852,16688.4707,12097775227.0,10466.48047
2023-01-03,16688.84766,16760.44727,16622.37109,16679.85742,13903079207.0,10386.98047
2023-01-04,16680.20508,16964.58594,16667.76367,16863.23828,18421743322.0,10458.75977
2023-01-05,16863.47266,16884.02148,16790.2832,16836.73633,13692758566.0,10305.24023
2023-01-06,16836.47266,16991.99414,16716.42188,16951.96875,14413662913.0,10569.29004
2023-01-07,16952.11719,16975.01758,16914.19141,16955.07813,7714767174.0,10569.29004
2023-01-08,16954.14648,17091.14453,16924.05078,17091.14453,9768827914.0,10569.29004
2023-01-09,17093.99219,17389.95703,17093.99219,17196.55469,18624736866.0,10635.65039
2023-01-10,17192.94922,17484.7207,17162.99023,17446.29297,15808338949.0,10742.62988
2023-01-11,17446.35938,17934.89648,17337.99414,17934.89648,18372283782.0,10931.66992
2023-01-12,18117.59375,19030.08789,17995.20313,18869.58789,34971338710.0,11001.09961
2023-01-13,18868.90625,19964.32227,18753.16406,19909.57422,29225029694.0,11079.16016
2023-01-14,19910.53711,21075.14258,19907.82813,20976.29883,38967784639.0,11079.16016
2023-01-15,20977.48438,20993.74805,20606.98633,20880.79883,19298407543.0,11079.16016
2023-01-16,20882.22461,21360.875,20715.74609,21169.63281,26792494050.0,11079.16016
2023-01-17,21175.83398,21438.66016,20978.5332,21161.51953,24999983362.0,11095.11035
2023-01-18,21161.05078,21564.50195,20541.54492,20688.78125,30005625418.0,10957.00977
2023-01-19,20686.74609,21163.01172,20685.38086,21086.79297,21152848261.0,10852.26953
2023-01-20,21085.37305,22692.35742,20919.12695,22676.55273,28799154319.0,11140.42969
2023-01-21,22677.42773,23282.34766,22511.83398,22777.625,32442278429.0,11140.42969
2023-01-22,22777.98633,23056.73047,22387.90039,22720.41602,24746386230.0,11140.42969
2023-01-23,22721.08789,23126.48633,22654.30469,22934.43164,26518700512.0,11364.41016
2023-01-24,22929.62695,23134.01172,22549.74414,22636.46875,26405069715.0,11334.26953
2023-01-25,22639.26758,23722.09961,22406.07617,23117.85938,30685366709.0,11313.36035
2023-01-26,23108.95508,23237.07813,22911.37305,23032.77734,26357839322.0,11512.41016
2023-01-27,23030.7168,23417.7207,22654.59375,23078.72852,25383335641.0,11621.70996
2023-01-28,23079.96484,23165.89648,22908.8457,23031.08984,14712928379.0,11621.70996
2023-01-29,23031.44922,23919.89063,22985.07031,23774.56641,27423687259.0,11621.70996
2023-01-30,23774.64844,23789.34766,22657.58203,22840.13867,27205595568.0,11393.80957
2023-01-31,22840.79688,23225.02148,22765.56836,23139.2832,22837828665.0,11584.5498
2023-02-01,23137.83594,23764.53906,22877.75,23723.76953,26683255504.0,11816.32031
2023-02-02,23720.82422,24167.21094,23468.5957,23471.87109,32066936882.0,12200.82031
2023-02-03,23469.41211,23678.10352,23279.95508,23449.32227,27083066007.0,12006.9502
2023-02-04,23446.32031,23556.94922,23291.79492,23331.84766,15639298538.0,12006.9502
2023-02-05,23332.24805,23423.43555,22841.75977,22955.66602,19564262605.0,12006.9502
2023-02-06,22954.02148,23119.2793,22692.02539,22760.10938,23825006542.0,11887.4502
2023-02-07,22757.26758,23310.97461,22756.25781,23264.29102,27187964471.0,12113.79004
2023-02-08,23263.41602,23367.95898,22731.09766,22939.39844,25371367758.0,11910.51953
2023-02-09,22946.56641,22996.4375,21773.97461,21819.03906,32572572185.0,11789.58008
2023-02-10,21819.00586,21941.18555,21539.39258,21651.18359,27078406594.0,11718.12012
2023-02-11,21651.8418,21891.41016,21618.44922,21870.875,16356226232.0,11718.12012
2023-02-12,21870.90234,22060.99414,21682.82813,21788.20313,17821046406.0,11718.12012
2023-02-13,21787.0,21898.41406,21460.08789,21808.10156,23918742607.0,11891.79004
2023-02-14,21801.82227,22293.14063,21632.39453,22220.80469,26792596581.0,11960.15039
2023-02-15,22220.58594,24307.8418,22082.76953,24307.8418,32483312909.0,12070.58984
2023-02-16,24307.34961,25134.11719,23602.52344,23623.47461,39316664596.0,11855.83008
2023-02-17,23621.2832,24924.04102,23460.75586,24565.60156,41358451255.0,11787.26953
2023-02-18,24565.29688,24798.83594,24468.37305,24641.27734,19625427158.0,11787.26953
2023-02-19,24640.02734,25093.05469,24327.64258,24327.64258,25555105670.0,11787.26953
2023-02-20,24336.62305,25020.45898,23927.91016,24829.14844,28987376573.0,11787.26953
2023-02-21,24833.04883,25126.85156,24200.36328,24436.35352,31252098714.0,11492.2998
2023-02-22,24437.41797,24472.33984,23644.31836,24188.84375,30199996781.0,11507.07031
2023-02-23,24190.71875,24572.08984,23693.91992,23947.49219,30476264066.0,11590.40039
2023-02-24,23946.00781,24103.70508,23007.07227,23198.12695,26811744928.0,11394.94043
2023-02-25,23200.125,23210.21094,22861.55859,23175.375,16100721565.0,11394.94043
2023-02-26,23174.15039,23654.36719,23084.2207,23561.21289,16644534842.0,11394.94043
2023-02-27,23561.45117,23857.89063,23205.87891,23522.87109,22660763494.0,11466.98047
2023-02-28,23521.83789,23585.38477,23077.65039,23147.35352,20535363434.0,11455.54004
2023-03-01,23150.92969,23880.63281,23088.62695,23646.55078,24662841200.0,11379.48047
2023-03-02,23647.01953,23739.13867,23245.02148,23475.4668,20386398516.0,11462.98047
2023-03-03,23476.63281,23479.34766,22213.23828,22362.67969,26062404610.0,11689.00977
2023-03-04,22362.92383,22405.17773,22198.98047,22353.34961,11166012913.0,11689.00977
2023-03-05,22354.14453,22613.68555,22307.14258,22435.51367,13317001733.0,11689.00977
2023-03-06,22436.81641,22584.29297,22331.31445,22429.75781,17353192895.0,11675.74023
2023-03-07,22428.32227,22527.41797,22011.26172,22219.76953,22765452204.0,11530.33008
2023-03-08,22216.44141,22268.89648,21708.05078,21718.08008,22536575684.0,11576.0
2023-03-09,21720.08008,21802.7168,20210.30664,20363.02148,30364664171.0,11338.34961
2023-03-10,20367.00195,20370.5957,19628.25391,20187.24414,39578257695.0,11138.88965
2023-03-11,20187.87695,20792.52539,20068.66016,20632.41016,30180288176.0,11138.88965
2023-03-12,20628.0293,22185.03125,20448.80664,22163.94922,29279035521.0,11138.88965
2023-03-13,22156.40625,24550.83789,21918.19922,24197.5332,49466362688.0,11188.83984
2023-03-14,24201.76563,26514.7168,24081.18359,24746.07422,54622230164.0,11428.15039
2023-03-15,24770.92578,25240.61523,23964.91016,24375.96094,43655701450.0,11434.0498
2023-03-16,24373.45703,25190.32617,24225.11133,25052.78906,33866061747.0,11717.28027
2023-03-17,25055.12305,27787.8125,24955.16992,27423.92969,50730261335.0,11630.50977
2023-03-18,27448.11719,27725.95313,26636.26172,26965.87891,35723036817.0,11630.50977
2023-03-19,26969.50391,28440.56055,26907.7168,28038.67578,37769448859.0,11630.50977
2023-03-20,28041.60156,28527.72461,27242.88086,27767.23633,44774027664.0,11675.54004
2023-03-21,27768.39258,28439.5625,27439.64648,28175.81641,36102192830.0,11860.11035
2023-03-22,28158.7207,28803.33594,26759.99609,27307.4375,33382021890.0,11669.95996
2023-03-23,27301.95703,28729.84375,27183.36328,28333.97266,24220433689.0,11787.40039
2023-03-24,28324.11133,28388.4375,27039.26563,27493.28516,25980310960.0,11823.95996
2023-03-25,27487.33789,27791.82617,27196.23438,27494.70703,13383005987.0,11823.95996
2023-03-26,27495.52344,28178.14453,27445.04688,27994.33008,13878363192.0,11823.95996
2023-03-27,27994.06836,28037.92578,26606.68945,27139.88867,18188895178.0,11768.83984
2023-03-28,27132.88867,27460.71875,26677.81836,27268.13086,17783600385.0,11716.08008
2023-03-29,27267.03125,28619.54297,27259.66211,28348.44141,20684945906.0,11926.24023
2023-03-30,28350.14063,29159.90234,27720.16016,28033.5625,22435349951.0,12013.46973
2023-03-31,28032.26172,28639.89648,27583.71484,28478.48438,19001327598.0,12221.91016
2023-04-01,28473.33203,28802.45703,28297.17188,28411.03516,10876469901.0,12221.91016
2023-04-02,28462.8457,28518.95898,27884.08789,28199.30859,12284641999.0,12221.91016
2023-04-03,28183.08008,28475.62305,27276.7207,27790.2207,19556501327.0,12189.4502
2023-04-04,27795.27344,28433.74219,27681.30469,28168.08984,15284538859.0,12126.33008
2023-04-05,28169.72656,28739.23828,27843.76367,28177.98438,17052315986.0,11996.86035
2023-04-06,28175.22656,28178.38477,27738.75977,28044.14063,13837809380.0,12087.95996
2023-04-07,28038.9668,28111.59375,27794.03125,27925.85938,10861680497.0,12087.95996
2023-04-08,27920.51367,28159.86328,27883.38672,27947.79492,9373255556.0,12087.95996
2023-04-09,27952.36719,28532.83008,27828.48047,28333.05078,12175322951.0,12087.95996
2023-04-10,28336.02734,29771.46484,28189.27148,29652.98047,19282400094.0,12084.36035
2023-04-11,29653.67969,30509.08398,29609.30078,30235.05859,20121259843.0,12031.87988
2023-04-12,30231.58203,30462.48047,29725.57422,30139.05273,18651929926.0,11929.33984
2023-04-13,29892.74023,30539.8457,29878.62305,30399.06641,17487721001.0,12166.26953
2023-04-14,30409.5625,31005.60742,30044.49805,30485.69922,22659995079.0,12123.46973
2023-04-15,30490.75,30601.74023,30245.88281,30318.49609,11940685378.0,12123.46973
2023-04-16,30315.97656,30555.53711,30157.83203,30315.35547,12854816417.0,12123.46973
2023-04-17,30317.14648,30319.19727,29275.37109,29445.04492,17872186762.0,12157.71973
2023-04-18,29449.0918,30470.30273,29154.84961,30397.55273,19480529496.0,12153.41016
2023-04-19,30394.1875,30411.05469,28669.89844,28822.67969,24571565421.0,12157.23047
2023-04-20,28823.68359,29076.40039,28037.25781,28245.98828,21340360360.0,12059.55957
2023-04-21,28249.23047,28349.96875,27177.36523,27276.91016,20759504330.0,12072.45996
2023-04-22,27265.89453,27872.14258,27169.57031,27817.5,13125734602.0,12072.45996
2023-04-23,27816.14453,27820.24414,27400.31445,27591.38477,12785446832.0,12072.45996
2023-04-24,27591.73047,27979.98242,27070.84961,27525.33984,17703288330.0,12037.2002
2023-04-25,27514.87305,28371.07813,27207.93164,28307.59766,17733373139.0,11799.16016
2023-04-26,28300.05859,29995.83789,27324.54883,28422.70117,31854242019.0,11854.34961
2023-04-27,28428.46484,29871.54688,28402.88672,29473.78711,27153445027.0,12142.24023
2023-04-28,29481.01367,29572.79102,28929.60938,29340.26172,17544464887.0,12226.58008
2023-04-29,29336.56641,29452.45508,29088.04297,29248.48828,10662634333.0,12226.58008
2023-04-30,29245.51563,29952.0293,29114.02148,29268.80664,14652199272.0,12226.58008
2023-05-01,29227.10352,29329.93555,27680.79297,28091.56836,18655599976.0,12212.59961
2023-05-02,28087.17578,28881.29883,27924.12305,28680.53711,16432924527.0,12080.50977
2023-05-03,28680.49414,29259.5332,28178.38867,29006.30859,19122972518.0,12025.33008
2023-05-04,29031.30469,29353.18555,28694.03906,28847.71094,15548678514.0,11966.40039
2023-05-05,28851.48047,29668.9082,28845.50977,29534.38477,17936566518.0,12235.41016
2023-05-06,29538.85938,29820.12695,28468.9668,28904.62305,15913866714.0,12235.41016
2023-05-07,28901.62305,29157.51758,28441.36719,28454.97852,11301355486.0,12235.41016
2023-05-08,28450.45703,28663.27148,27310.13477,27694.27344,19122903752.0,12256.91992
2023-05-09,27695.06836,27821.40039,27375.60156,27658.77539,14128593256.0,12179.5498
2023-05-10,27654.63672,28322.6875,26883.66992,27621.75586,20656025026.0,12306.44043
2023-05-11,27621.08594,27621.94141,26781.82617,27000.78906,16724343943.0,12328.50977
2023-05-12,26987.66211,27055.64648,25878.42969,26804.99023,19313599897.0,12284.74023
2023-05-13,26807.76953,27030.48242,26710.87305,26784.07813,9999171605.0,12284.74023
2023-05-14,26788.97461,27150.97656,26661.35547,26930.63867,10014858959.0,12284.74023
2023-05-15,26931.38477,27646.34766,26766.09766,27192.69336,14413231792.0,12365.20996
2023-05-16,27171.51367,27299.30469,26878.94727,27036.65039,12732238816.0,12343.0498
2023-05-17,27035.4707,27465.92773,26600.14453,27398.80273,15140006925.0,12500.57031
2023-05-18,27401.65039,27466.52734,26415.10156,26832.20898,15222938600.0,12688.83984
2023-05-19,26826.75391,27128.61914,26700.21094,26890.12891,11258983301.0,12657.90039
2023-05-20,26888.8418,27155.1582,26843.27734,27129.58594,7044911360.0,12657.90039
2023-05-21,27118.42383,27265.91797,26706.92188,26753.82617,8647416921.0,12657.90039
2023-05-22,26749.89258,27045.73438,26549.73438,26851.27734,11056770492.0,12720.78027
2023-05-23,26855.96094,27434.68359,26816.17969,27225.72656,13697203143.0,12560.25
2023-05-24,27224.60352,27224.60352,26106.57617,26334.81836,16299104428.0,12484.16016
2023-05-25,26329.46094,26591.51953,25890.59375,26476.20703,13851122697.0,12698.08984
2023-05-26,26474.18164,26916.66992,26343.94922,26719.29102,12711619225.0,12975.69043
2023-05-27,26720.18164,26888.88281,26621.14063,26868.35352,7892015141.0,12975.69043
2023-05-28,26871.1582,28193.44922,26802.75195,28085.64648,14545229578.0,12975.69043
2023-05-29,28075.5918,28432.03906,27563.87695,27745.88477,15181308984.0,12975.69043
2023-05-30,27745.12305,28044.75977,27588.50195,27702.34961,13251081851.0,13017.42969
2023-05-31,27700.5293,27831.67773,26866.45313,27219.6582,15656371534.0,12935.29004
2023-06-01,27218.41211,27346.10547,26671.7207,26819.97266,14678970415.0,13100.98047
2023-06-02,26824.55664,27303.86133,26574.64453,27249.58984,14837415000.0,13240.76953
2023-06-03,27252.32422,27317.05273,26958.00391,27075.12891,8385597470.0,13240.76953
2023-06-04,27075.12305,27407.01953,26968.22461,27119.06641,9360912318.0,13240.76953
2023-06-05,27123.10938,27129.98242,25445.16797,25760.09766,21513292646.0,13229.42969
2023-06-06,25732.10938,27313.82031,25434.86719,27238.7832,21929670693.0,13276.41992
2023-06-07,27235.65039,27332.18164,26146.98828,26345.99805,19530045082.0,13104.90039
2023-06-08,26347.6543,26797.51367,26246.66406,26508.2168,11904824295.0,13238.51953
2023-06-09,26505.92383,26770.28906,26339.31445,26480.375,11015551640.0,13259.13965
2023-06-10,26481.76172,26531.04492,25501.83594,25851.24023,19872933189.0,13259.13965
2023-06-11,25854.03125,26203.43945,25668.98633,25940.16797,10732609603.0,13259.13965
2023-06-12,25934.28516,26087.91992,25675.19727,25902.5,11677889997.0,13461.91992
2023-06-13,25902.94141,26376.35156,25728.36523,25918.72852,14143474486.0,13573.32031
2023-06-14,25920.25781,26041.80078,24902.15234,25124.67578,14265717766.0,13626.48047
2023-06-15,25121.67383,25735.30859,24797.16797,25576.39453,15837384409.0,13782.82031
2023-06-16,25575.2832,26463.17383,25245.35742,26327.46289,16324646965.0,13689.57031
2023-06-17,26328.67969,26769.39453,26174.49219,26510.67578,11090276850.0,13689.57031
2023-06-18,26510.45703,26675.92578,26325.89063,26336.21289,9565695129.0,13689.57031
2023-06-19,26335.44141,26984.61133,26312.83203,26851.0293,12826986222.0,13689.57031
2023-06-20,26841.66406,28388.96875,26668.79102,28327.48828,22211859147.0,13667.29004
2023-06-21,28311.31055,30737.33008,28283.41016,30027.29688,33346760979.0,13502.2002
2023-06-22,29995.93555,30495.99805,29679.1582,29912.28125,20653160491.0,13630.61035
2023-06-23,29896.38281,31389.53906,29845.21484,30695.46875,24115570085.0,13492.51953
2023-06-24,30708.73828,30804.14844,30290.14648,30548.69531,12147822496.0,13492.51953
2023-06-25,30545.15039,31041.27148,30327.94336,30480.26172,12703464114.0,13492.51953
2023-06-26,30480.52344,30636.0293,29955.74414,30271.13086,16493186997.0,13335.78027
2023-06-27,30274.32031,31006.78711,30236.65039,30688.16406,16428827944.0,13555.66992
2023-06-28,30696.56055,30703.2793,29921.82227,30086.24609,14571500779.0,13591.75
2023-06-29,30086.1875,30796.25,30057.20313,30445.35156,13180860821.0,13591.33008
2023-06-30,30441.35352,31256.86328,29600.27539,30477.25195,26387306197.0,13787.91992
